sample_id,d13C_measurement,d13C_precision
456606,-4.86,0.08
456607,-5.03,0.08
456608,-4.94,0.08
456609,-5.25,0.08
456610,-5.54,0.08
456611,-5.63,0.08
456612,-5.78,0.08
456613,-5.78,0.08
456614,-5.98,0.08
456615,-6.1,0.08
456616,-6.04,0.08
456617,-6.13,0.08
456618,-6.3,0.08
456619,-6.22,0.08
456620,-5.99,0.08
456621,-6.31,0.08
456622,-6.49,0.08
456623,-6.36,0.08
456624,-6.57,0.08
456625,-6.78,0.08
456626,-6.62,0.08
456627,-6.76,0.08
456628,-6.68,0.08
456629,-6.47,0.08
456630,-6.22,0.08
456631,-6.06,0.08
456632,-6.07,0.08
456633,-5.9,0.08
456634,-6.04,0.08
456635,-6.5,0.08
456636,-7.2,0.08
456637,-7.38,0.08
456638,-7.43,0.08
456639,-7.57,0.08
456640,-7.4,0.08
456641,-7.45,0.08
456642,-7.51,0.08
456643,-7.62,0.08
456644,-7.72,0.08
456645,-7.8,0.08
456646,-7.49,0.08
456647,-7.6,0.08
456648,-7.59,0.08
456649,-7.37,0.08
456650,-7.38,0.08
456651,-7.56,0.08
456652,-7.61,0.08
456653,-7.62,0.08
456654,-7.45,0.08
456655,-7.2,0.08
456656,-7.23,0.08
456657,-7.38,0.08
456658,-7.27,0.08
456659,-7.17,0.08
456660,-7.36,0.08
456661,-7.28,0.08
456662,-7.43,0.08
456663,-7.38,0.08
456664,-7.29,0.08
456665,-7.33,0.08
456666,-7.35,0.08
456667,-7.35,0.08
456668,-7.65,0.08
456669,-7.43,0.08
456670,-7.29,0.08
456671,-7.41,0.08
456672,-7.39,0.08
456673,-7.54,0.08
456674,-7.54,0.08
456675,-7.53,0.08
456676,-7.66,0.08
456677,-7.84,0.08
456678,-7.81,0.08
456679,-7.76,0.08
456680,-7.98,0.08
456681,-7.99,0.08
456682,-7.9,0.08
456683,-7.82,0.08
456684,-8.0,0.08
456685,-7.97,0.08
456686,-8.06,0.08
456687,-8.16,0.08
456688,-8.01,0.08
456689,-7.58,0.08
456690,-7.59,0.08
456691,-7.78,0.08
456692,-7.9,0.08
456693,-8.01,0.08
456694,-8.07,0.08
456695,-7.79,0.08
456696,-7.62,0.08
456697,-7.8,0.08
456698,-7.16,0.08
456699,-7.29,0.08
456700,-7.11,0.08
456701,-7.13,0.08
456702,-6.93301073355368,0.08
456703,-6.8270940989706,0.08
456704,-6.5698251195545,0.08
456705,-6.60722161081167,0.08
456706,-6.40114335233808,0.08
456707,-6.3467124013927,0.08
456708,-6.24755866153567,0.08
456709,-5.86080761246383,0.08
456710,-5.84124756429065,0.08
456711,-5.65112756159602,0.08
456712,-5.68740081845243,0.08
456713,-5.64266433269505,0.08
456714,-5.64524359713583,0.08
456715,-5.65107867817814,0.08
456716,-5.69710167707488,0.08
456717,-5.63615424213213,0.08
456718,-5.81386793445739,0.08
456719,-5.83793459180186,0.08
456720,-5.77100929411273,0.08
456721,-6.03859529968589,0.08
456722,-5.95068439257286,0.08
456723,-6.05687480738824,0.08
456724,-5.91872584038084,0.08
456725,-5.54306088083461,0.08
456726,-5.61784686445554,0.08
456727,-5.68761979536335,0.08
456728,-5.61692789681703,0.08
456729,-5.14522792711837,0.08
456730,-5.25561564350407,0.08
456731,-5.43890709060754,0.08
456732,-5.47700729987486,0.08
456733,-5.3959500601028,0.08
456734,-5.09470716839531,0.08
456735,-4.66197375463549,0.08
456736,-4.77728328513278,0.08
456737,-4.80258984897854,0.08
456738,-4.90973080531204,0.08
456739,-5.10733083372957,0.08
456740,-5.57220465392173,0.08
456741,-6.60302032845639,0.08
456742,-6.9177045755504,0.08
456743,-6.98821522150397,0.08
456744,-6.92870616129763,0.08
456745,-7.05393410852713,0.08
456746,-7.05839792086581,0.08
456747,-7.05834911767603,0.08
456748,-6.88989789561595,0.08
456749,-6.88695545713682,0.08
456750,-6.7830242411483,0.08
456751,-6.96932692034271,0.08
456752,-6.71044245211736,0.08
456753,-6.74926980430806,0.08
456754,-6.61984471105081,0.08
456755,-6.61694097881404,0.08
456756,-6.4019305749731,0.08
456757,-6.32539072062455,0.08
456758,-6.52736742547169,0.08
456759,-6.39732771348767,0.08
456760,-6.53167646332693,0.08
456761,-6.47497544171993,0.08
456762,-6.58314418226638,0.08
456763,-6.58681144407557,0.08
456764,-6.77349475053121,0.08
456765,-6.72130769315825,0.08
456766,-6.67965621606374,0.08
456767,-6.55775758959811,0.08
456768,-6.53335772738642,0.08
456769,-6.04618344166534,0.08
456770,-5.95353590276366,0.08
456771,-5.54191594122702,0.08
456772,-5.36509060732496,0.08
456773,-5.14181613435116,0.08
456774,-5.08685678634554,0.08
456775,-5.15163770736513,0.08
456776,-5.15587407539072,0.08
456777,-5.17747682045847,0.08
456778,-5.0098664269573,0.08
456779,-4.63714952256492,0.08
456780,-4.75365774850944,0.08
456781,-4.76648773849254,0.08
456782,-4.96283482168972,0.08
456783,-5.35635462937714,0.08
456784,-5.3727098235788,0.08
456785,-5.41913759207312,0.08
456786,-5.32167732223936,0.08
456787,-5.09238435435151,0.08
456788,-4.98945019871336,0.08
456789,-4.67742807703702,0.08
456790,-4.3408966163502,0.08
456791,-4.22021037924899,0.08
456792,-4.30160067302431,0.08
456793,-4.38593147677488,0.08
456794,-4.32828442533391,0.08
456795,-4.23084941845274,0.08
456796,-4.08285278314819,0.08
456797,-4.02684210991824,0.08
456798,-3.98721679505089,0.08
456799,-3.87292786834411,0.08
456800,-3.83125732206652,0.08
456801,-3.84408715012723,0.08
456802,-4.06538486005089,0.08
456803,-4.10668256997456,0.08
456804,-4.21131361323155,0.08
456805,-4.19594465648855,0.08
456806,-4.39724236641222,0.08
456807,-4.27187340966921,0.08
456808,-4.34446882951654,0.08
456809,-4.5457665394402,0.08
456810,-4.77706424936387,0.08
456811,-5.02169529262087,0.08
456812,-4.94299300254453,0.08
456813,-4.95762404580153,0.08
456814,-5.19558842239186,0.08
456815,-5.42355279898219,0.08
456816,-5.51281488549618,0.08
456817,-5.45411259541985,0.08
456818,-5.48541030534351,0.08
456819,-5.48004134860051,0.08
456820,-5.63467239185751,0.08
456821,-5.81930343511451,0.08
456822,-5.78726781170484,0.08
456823,-5.3825,0.06
456824,-6.2925,0.06
456825,-8.6625,0.06
456826,-6.5825,0.06
456827,-9.3625,0.06
456828,-9.0825,0.06
456829,-6.5125,0.06
456830,-6.3125,0.06
456831,-5.9325,0.06
456832,-7.1125,0.06
456833,-5.5625,0.06
456834,-7.4925,0.06
456835,-7.9525,0.06
456836,-8.1125,0.06
456837,-7.7025,0.06
456838,-8.7225,0.06
456839,-7.1025,0.06
456840,-7.6725,0.06
456841,-6.3825,0.06
456842,-5.9725,0.06
456843,-6.6125,0.06
456844,-7.7225,0.06
456845,-6.8625,0.06
456846,-7.8725,0.06
456847,-8.7825,0.06
456848,-7.3725,0.06
456849,-6.1225,0.06
456850,-8.3825,0.06
456851,-8.5225,0.06
456852,-9.7225,0.06
456853,-7.7025,0.06
456854,-8.8125,0.06
456855,-7.5025,0.06
456856,-6.0925,0.06
456857,-5.2125,0.06
456858,-6.6525,0.06
456859,-7.6725,0.06
456860,-9.2625,0.06
456861,-7.9625,0.06
456862,-5.9025,0.06
456863,-6.1725,0.06
456864,-7.1525,0.06
456865,-7.9325,0.06
456866,-7.1725,0.06
456867,-7.9925,0.06
456868,-6.2525,0.06
456869,-6.3925,0.06
456870,-7.7725,0.06
456871,-7.4225,0.06
456872,-6.7425,0.06
456873,-7.1325,0.06
456874,-7.0725,0.06
456875,-5.6025,0.06
456876,-4.0425,0.06
456877,-3.8325,0.06
456878,-4.9725,0.06
456879,-5.2525,0.06
456880,-5.2525,0.06
456881,-5.7925,0.06
456882,-5.2725,0.06
456883,-5.3125,0.06
456884,-5.6725,0.06
456885,-6.2025,0.06
456886,-6.0225,0.06
456887,-6.3025,0.06
456888,-6.5825,0.06
456889,-7.2325,0.06
456890,-7.5025,0.06
456891,-5.7325,0.06
456892,-6.3825,0.06
456893,-6.8725,0.06
456894,-6.1425,0.06
456895,-6.4625,0.06
456896,-7.2325,0.06
456897,-6.2725,0.06
456898,-5.4625,0.06
456899,-5.6525,0.06
456900,-4.7425,0.06
456901,-5.1325,0.06
456902,-4.9125,0.06
456903,-6.0625,0.06
456904,-6.2225,0.06
456905,-5.3025,0.06
456906,-4.4625,0.06
456907,-3.9625,0.06
456908,-4.7925,0.06
456909,-5.0025,0.06
456910,-5.44875,0.06
456911,-6.42875,0.06
456912,-5.85875,0.06
456913,-5.76875,0.06
456914,-5.11875,0.06
456915,-5.31875,0.06
456916,-5.79875,0.06
456918,-7.39875,0.06
456919,-7.44875,0.06
456920,-7.56875,0.06
456921,-8.02875,0.06
456922,-8.07875,0.06
456923,-7.06875,0.06
456924,-6.04875,0.06
456925,-6.03875,0.06
456926,-6.05875,0.06
456927,-5.30875,0.06
456928,-5.68875,0.06
456929,-7.12875,0.06
456930,-6.57875,0.06
456931,-6.76875,0.06
456932,-5.01875,0.06
456933,-5.35875,0.06
456934,-4.62875,0.06
456935,-4.19875,0.06
456936,-3.88,0.06
456937,-4.28,0.06
456938,-4.41666666666667,0.06
456939,-4.98,0.06
456940,-5.62666666666667,0.06
456941,-5.95,0.06
456942,-6.12,0.06
456943,-6.14,0.06
456944,-4.93666666666667,0.06
456945,-4.30666666666667,0.06
456946,-4.12666666666667,0.06
456947,-4.06,0.06
456948,-4.44,0.06
456949,-5.27318181818182,0.02
456950,-6.06418181818182,0.02
456951,-6.61218181818182,0.02
456952,-6.56418181818182,0.02
456953,-6.36518181818182,0.02
456954,-6.41618181818182,0.02
456955,-6.72918181818182,0.02
456956,-5.37218181818182,0.02
456957,-4.79718181818182,0.02
456958,-3.51518181818182,0.02
456959,-6.38518181818182,0.02
456960,-6.55518181818182,0.02
456961,-6.42318181818182,0.02
456962,-6.86642857142857,0.04
456963,-7.10618181818182,0.02
456964,-7.61309523809524,0.04
456965,-6.44018181818182,0.02
456966,-7.09642857142857,0.04
456967,-7.25418181818182,0.02
456968,-7.11309523809524,0.04
456969,-7.23018181818182,0.02
456970,-7.29809523809524,0.04
456971,-6.97318181818182,0.02
456972,-6.99642857142857,0.04
456973,-5.79818181818182,0.02
456974,-6.56418181818182,0.02
456975,-6.70018181818182,0.02
456976,-6.84918181818182,0.02
456977,-6.24218181818182,0.02
456978,-7.00818181818182,0.02
456979,-6.09018181818182,0.02
456980,-5.68518181818182,0.02
456981,-5.27018181818182,0.02
456982,-5.76018181818182,0.02
456983,-5.26018181818182,0.02
456984,-5.85918181818182,0.02
456985,-4.63309523809524,0.04
456986,-4.71118181818182,0.02
456987,-4.77976190476191,0.04
456988,-6.04642857142857,0.04
456989,-6.28142857142857,0.04
456990,-5.76918181818182,0.02
456991,-6.35309523809524,0.04
456992,-6.40018181818182,0.02
456993,-6.53809523809524,0.04
456994,-6.14925,0.02
456995,-6.30625,0.02
456996,-6.68325,0.02
456997,-6.95125,0.02
456998,-6.73025,0.02
456999,-5.92125,0.02
457000,-6.61425,0.02
457001,-6.36925,0.02
457002,-6.20225,0.02
457003,-6.43925,0.02
457004,-6.62525,0.02
457006,-5.9526599378882,0.02
457007,-3.43246428571429,0.02
457008,-4.53786645962733,0.02
457009,-5.51026863354037,0.02
457010,-6.50267080745342,0.02
457011,-6.12907298136646,0.02
457012,-4.1224751552795,0.02
457013,-3.35787732919255,0.02
457014,-5.42427950310559,0.02
457015,-6.22508385093168,0.02
457016,-5.89648602484472,0.02
457017,-5.10288819875776,0.02
457018,-5.38829037267081,0.02
457019,-7.07369254658385,0.02
457020,-5.50060454698034,0.08
457021,-4.95317782799565,0.08
457022,-4.6687254020233,0.08
457023,-5.97588378924398,0.08
457024,-6.35865693474718,0.08
457025,-6.67555130857048,0.08
457026,-7.47052300693434,0.08
457027,-6.58308932522133,0.08
457028,-5.22861697176544,0.08
457029,-5.03318286710997,0.08
457030,-5.40355552080699,0.08
457031,-4.93233651608936,0.08
457032,-6.23823411377026,0.08
457033,-5.75022491212188,0.08
457034,-5.6504368837255,0.08
457035,-6.16918707815223,0.08
457036,-5.0588056957292,0.08
457037,-6.24165975007787,0.08
457038,-5.71193970966624,0.08
457039,-5.89384819318843,0.08
457040,-5.76982705727965,0.08
457041,-6.92876010562132,0.08
457042,-6.59602919063733,0.08
457043,-6.13497225166847,0.08
457044,-7.42381055894447,0.08
457045,-7.19167229272882,0.08
457046,-7.84083780815348,0.08
457047,-6.31240582358874,0.08
457048,-7.6620242921379,0.08
457049,-6.88482162734371,0.08
457050,-6.58167354169259,0.08
457051,-5.98751599499172,0.08
457052,-6.38923533151033,0.08
457053,-7.0756098757678,0.08
457054,-6.93178518599881,0.08
457055,-7.40886477646885,0.08
457056,-8.45666657756255,0.08
457057,-8.14978402047944,0.08
457058,-7.5774457410924,0.08
457059,-8.47636333590102,0.08
457060,-8.38607631778749,0.08
457061,-8.44470024270776,0.08
457062,-8.5493336039624,0.08
457063,-8.24110265564639,0.08
457064,-7.20064323068168,0.08
457065,-6.35191501556759,0.08
457066,-6.67951379368374,0.08
457067,-6.73182816040683,0.08
457068,-7.63084163295403,0.08
457069,-7.70924801933702,0.08
457070,-7.62649295028433,0.08
457071,-8.35340380186314,0.08
457072,-7.99855189049324,0.08
457073,-8.03920864562777,0.08
457074,-8.58252377434085,0.08
457075,-7.40290270593329,0.08
457076,-7.43132584358686,0.08
457077,-7.17191330052574,0.08
457078,-7.32360377785917,0.08
457079,-7.24716975031513,0.08
457080,-6.68686493199388,0.08
457081,-7.78931114501131,0.08
457082,-8.22564298000965,0.08
457083,-6.91000441685054,0.08
457084,-7.71710251542989,0.08
457085,-7.37314998029491,0.08
457086,-7.83070323154602,0.08
457087,-7.89430670028939,0.08
457088,-7.69481459539698,0.08
457089,-7.76768149858072,0.08
457090,-7.90357454934666,0.08
457091,-7.84655449422112,0.08
457092,-7.69331215397198,0.08
457093,-7.44534066459908,0.08
457094,-7.64187362915096,0.08
457095,-8.19949434728366,0.08
457096,-7.76453902258221,0.08
457097,-8.06770806001842,0.08
457098,-8.35044398335802,0.08
457099,-8.26465525502668,0.08
457100,-8.3672199245882,0.08
457101,-8.51895968548181,0.08
457102,-8.37878894279482,0.08
457103,-8.45357562596205,0.08
457104,-8.55587815767561,0.08
457105,-8.42700064864751,0.08
457106,-8.62155503815011,0.08
457107,-7.72117914921799,0.08
457108,-7.65255936663408,0.08
457109,-8.30299104321331,0.08
457110,-8.44878094319782,0.08
457111,-8.66185857538805,0.08
457112,-8.64769275752625,0.08
457113,-8.38955351324741,0.08
457114,-8.13418189898386,0.08
457115,-7.98949368901468,0.08
457116,-7.06898005782512,0.08
457117,-7.41425173918337,0.08
457118,-7.32737546175723,0.08
457119,-7.0156114357526,0.08
457120,-7.17699681757688,0.08
457121,-7.2681089844898,0.08
457122,-7.36958860017581,0.08
457123,-7.54654719199168,0.08
457124,-7.33923506875433,0.08
457125,-7.1238105007255,0.08
457126,-8.23038273040528,0.08
457127,-8.19116906472275,0.08
457128,-8.09159082651137,0.08
457129,-7.99538558717116,0.08
457130,-8.45529122709472,0.08
457131,-7.91023670628303,0.08
457132,-7.9895051700145,0.08
457133,-8.12974436846168,0.08
457134,-8.44747537949962,0.08
457135,-8.71259752150714,0.08
457136,-8.9422157021075,0.08
457137,-9.0008047937248,0.08
457138,-8.73075345456819,0.08
457139,-8.00971037035394,0.08
457140,-8.43193151719913,0.08
457141,-8.85333193278227,0.08
457142,-8.70881629861423,0.08
457143,-7.73205853387327,0.08
457144,-7.8349185618063,0.08
457145,-8.37886891280387,0.08
457146,-8.59250913111908,0.08
457147,-8.351718155714,0.08
457148,-8.48627821723608,0.08
457149,-8.45736884517326,0.08
457150,-8.49997080007601,0.08
457151,-8.29488326452722,0.08
457152,-8.18948146634125,0.08
457153,-8.24580753918147,0.08
457154,-8.23654606531677,0.08
457155,-8.39146779229194,0.08
457156,-8.39967046756321,0.08
457157,-8.38441664410156,0.08
457158,-8.07921050751172,0.08
457159,-7.97148481658331,0.08
457160,-7.44661303266982,0.08
457161,-8.0662554686671,0.08
457162,-7.88198852877553,0.08
457163,-8.38163030358271,0.08
457164,-7.98591685589039,0.08
457165,-8.08768677510843,0.08
457166,-7.56462240629666,0.08
457167,-7.17024278599734,0.08
457168,-7.86440908300001,0.08
457169,-7.65228470318342,0.08
457170,-8.06746995425604,0.08
457171,-8.01934709179248,0.08
457172,-7.4585923632214,0.08
457173,-7.08767601745398,0.08
457174,-6.71745400972736,0.08
457175,-6.83956778407176,0.08
457176,-6.79119187729143,0.08
457177,-6.56722022948097,0.08
457178,-7.13735541977265,0.08
457179,-8.17318862883464,0.08
457180,-8.21665709585509,0.08
457181,-7.32574855233215,0.08
457182,-7.20446675002015,0.08
457183,-7.71881543044666,0.08
457184,-6.95019454142105,0.08
457185,-7.65744033441988,0.08
457186,-7.58865668710728,0.08
457187,-7.42589033780919,0.08
457188,-7.63194274262241,0.08
457189,-8.06293781005831,0.08
457190,-7.7243136900012,0.08
457191,-7.86288704122294,0.08
457192,-7.27108643261562,0.08
457193,-7.55968844203501,0.08
457194,-8.14384337788791,0.08
457195,-8.06127454287622,0.08
457196,-8.21714545728606,0.08
457197,-7.82887734960785,0.08
457198,-7.3723314975223,0.08
457199,-7.76561437096998,0.08
457200,-6.64889982580708,0.08
457201,-7.32114732953604,0.08
457202,-7.29422391770564,0.08
457203,-7.14248659885323,0.08
457204,-7.03250538848092,0.08
457205,-7.97282468028403,0.08
457206,-7.76925319576531,0.08
457207,-7.46601470829803,0.08
457208,-7.40752247072786,0.08
457209,-7.15800773761383,0.08
457210,-7.00012114980115,0.08
457211,-5.94412260314093,0.08
457212,-6.01814830315701,0.08
457213,-5.86486866229765,0.08
457214,-5.72011963223654,0.08
457215,-5.77056368246483,0.08
457216,-5.98129262203542,0.08
457217,-7.64327737876491,0.08
457218,-7.34842752013327,0.08
457219,-7.65142215539732,0.08
457220,-7.44376444951781,0.08
457221,-6.40705448915191,0.08
457222,-6.92547772232924,0.08
457223,-6.91210963698944,0.08
457224,-6.48818171436318,0.08
457225,-6.64494229751064,0.08
457226,-5.78460044741158,0.08
457227,-5.92305060369618,0.08
457228,-6.32620100766496,0.08
457229,-6.69718187856209,0.08
457230,-6.51209984259566,0.08
457231,-6.64228932642152,0.08
457232,-5.89429011769828,0.08
457233,-5.97676372472812,0.08
457234,-6.0452014012782,0.08
457235,-5.70521511123374,0.08
457236,-5.61424037455663,0.08
457237,-5.91119089020401,0.08
457238,-5.84534062468515,0.08
457239,-5.89394790399046,0.08
457240,-6.0453421191764,0.08
457241,-6.24306213032955,0.08
457242,-6.29619025009804,0.08
457243,-6.09874952565885,0.08
457244,-6.11469029272314,0.08
457245,-6.53559748223435,0.08
457246,-6.42291300894744,0.08
457247,-6.72718192260042,0.08
457248,-5.95271873333972,0.08
457249,-5.79789992597377,0.08
457250,-5.57178817364615,0.08
457251,-5.79754441790275,0.08
457252,-6.25753912631822,0.08
457253,-7.48052788643709,0.08
457254,-6.85744922169649,0.08
457255,-6.14058229569399,0.08
457256,-6.2364099555652,0.08
457257,-6.27558216008645,0.08
457258,-7.80264380334809,0.08
457259,-7.93102312527807,0.08
457260,-8.22927398503841,0.08
457261,-7.83751732793682,0.08
457262,-7.39501230642614,0.08
457263,-7.99865912003521,0.08
457264,-8.1726023792023,0.08
457265,-7.48361956145735,0.08
457266,-7.31136025530533,0.08
457267,-5.96372964803064,0.08
457268,-6.6846585424173,0.08
457269,-7.30470147684717,0.08
457270,-6.29758393501908,0.08
457271,-7.23389903205913,0.08
457272,-7.92906913340135,0.08
457273,-8.08174425726509,0.08
457274,-8.09286016683999,0.08
457275,-8.193138876343,0.08
457276,-8.17137228171079,0.08
457277,-8.182162706023,0.08
457278,-8.3220468904752,0.08
457279,-8.19794207781806,0.08
457280,-7.40953388130197,0.08
457281,-7.39160236664127,0.08
457282,-7.49060012068259,0.08
457283,-7.36473485316972,0.08
457284,-7.42426692685469,0.08
457285,-7.46331473240478,0.08
457286,-7.13778625585087,0.08
457287,-7.02187217354151,0.08
457288,-7.10169009383193,0.08
457289,-6.50269680961044,0.08
457290,-6.74406404437611,0.08
457291,-6.37529284075297,0.08
457292,-5.94707434069257,0.08
457293,-6.48788091081275,0.08
457294,-6.46939000982943,0.08
457295,-6.3526389315894,0.08
457296,-6.60143183189308,0.08
457297,-7.04026327480666,0.08
457298,-6.73414486154852,0.08
457299,-6.5849114709014,0.08
457300,-6.5732909795681,0.08
457301,-7.03445147706666,0.08
457302,-6.98848073581422,0.08
457303,-7.38262438602496,0.08
457304,-7.53621668628999,0.08
457305,-7.60419535883532,0.08
457306,-7.82395622035703,0.08
457307,-7.71835976116433,0.08
457308,-7.81365322775538,0.08
457309,-7.56181693052368,0.08
457310,-6.84542123449706,0.08
457311,-6.74838715747386,0.08
457312,-6.82229704621353,0.08
457313,-7.02142500311708,0.08
457314,-6.88403938020627,0.08
457315,-6.7797519570189,0.08
457316,-6.97085749974723,0.08
457317,-6.82021166023752,0.08
457318,-6.11171766974907,0.08
457319,-6.78597552243086,0.08
457320,-6.90890872162788,0.08
457321,-6.41907025080812,0.08
457322,-6.57141720738724,0.08
457323,-6.20694529312833,0.08
457324,-6.48617186520629,0.08
457325,-6.75177034297718,0.08
457326,-6.67151976720399,0.08
457327,-6.42513117478474,0.08
457328,-6.65535861247845,0.08
457329,-6.56021900218452,0.08
457330,-6.20768559540629,0.08
457331,-5.87731622855134,0.08
457332,-6.21006512503279,0.08
457333,-6.78953871482119,0.08
457334,-7.29772351057484,0.08
457335,-7.62449824525098,0.08
457336,-7.32450615992399,0.08
457337,-6.83039199583377,0.08
457338,-7.15728209628789,0.08
457339,-7.48362236205672,0.08
457340,-7.62833829344802,0.08
457341,-7.86749046251379,0.08
457342,-8.04465505824524,0.08
457343,-8.07563747476428,0.08
457344,-8.06169053130261,0.08
457345,-7.96201748746167,0.08
457346,-8.1986828417582,0.08
457347,-8.29773985790846,0.08
457348,-8.52533708219164,0.08
457349,-8.29799850866311,0.08
457350,-7.86470946730828,0.08
457351,-7.65508083751784,0.08
457352,-7.7617254139415,0.08
457353,-7.76872992342085,0.08
457354,-7.80486369009271,0.08
457355,-7.82208571939969,0.08
457356,-8.31482223821774,0.08
457357,-8.26727852454506,0.08
457358,-8.2246546068746,0.08
457359,-8.26712297721548,0.08
457360,-8.24221912524536,0.08
457361,-8.03997049348525,0.08
457362,-8.35731644109079,0.08
457363,-8.20036019669655,0.08
457364,-8.38404436740961,0.08
457365,-8.32594352198598,0.08
457366,-8.12013001723658,0.08
457367,-8.05760626181386,0.08
457368,-7.93911794656939,0.08
457369,-7.97831237835364,0.08
457370,-7.88503295443848,0.08
457371,-7.95371900777802,0.08
457372,-8.11518374262466,0.08
457373,-7.96610379439217,0.08
457374,-7.75640861094511,0.08
457375,-7.7220960718886,0.08
457376,-7.71845321000512,0.08
457377,-7.7492085927247,0.08
457378,-7.8262522039643,0.08
457379,-7.3720554206455,0.08
457380,-7.12473524582989,0.08
457381,-7.01347894448913,0.08
457382,-7.09242401569698,0.08
457383,-7.3493136083541,0.08
457384,-7.33274278631714,0.08
457385,-7.35802849950844,0.08
457386,-7.38430652448238,0.08
457387,-7.25383037612878,0.08
457388,-7.13619664519026,0.08
457389,-7.18952604411205,0.08
457390,-7.12575825549947,0.08
457391,-7.13578473046242,0.08
457392,-7.23743687176005,0.08
457393,-6.92926333793859,0.08
457394,-6.89442172022498,0.08
457395,-7.16107244667487,0.08
457396,-7.14905501991997,0.08
457397,-7.15294078458877,0.08
457398,-7.16690016977794,0.08
457399,-7.08830859741771,0.08
457400,-6.88720127660415,0.08
457401,-6.84667323620744,0.08
457402,-6.90638418240826,0.08
457403,-6.78587602007202,0.08
457404,-6.49163760700355,0.08
457405,-6.29515676638012,0.08
457406,-5.78023723959681,0.08
457407,-6.21523560282173,0.08
457408,-6.22747520713068,0.08
457409,-5.6376068295053,0.08
457410,-5.54713883951235,0.08
457411,-6.67472368240599,0.08
457412,-6.82727631543914,0.08
457413,-6.49663652080411,0.08
457414,-6.80591270899005,0.08
457415,-6.55186814812329,0.08
457416,-6.24224069567949,0.08
457417,-6.10037356405744,0.08
457418,-6.2688145959404,0.08
457419,-6.3994246728925,0.08
457420,-6.1717753123945,0.08
457421,-6.08543172285859,0.08
457422,-5.95352370441,0.08
457423,-6.04965604380579,0.08
457424,-5.92580880486876,0.08
457425,-5.83840825110529,0.08
457426,-6.11617744842864,0.08
457427,-5.82356135588284,0.08
457428,-5.89227892119794,0.08
457429,-5.63002961590867,0.08
457430,-5.83905443865245,0.08
457431,-5.88414474169806,0.08
457432,-5.43278757186662,0.08
457433,-5.514963389548,0.08
457434,-5.22193677926353,0.08
457435,-5.41681249081884,0.08
457436,-5.06373229625984,0.08
457437,-4.74230044649133,0.08
457438,-4.7168381156975,0.08
457439,-4.72750795549373,0.08
457440,-4.6028923663523,0.08
457441,-4.69366127749785,0.08
457442,-4.87953998365626,0.08
457443,-5.2035474173026,0.08
457444,-5.78792629519,0.08
457445,-6.08970208172911,0.08
457446,-6.47737846384461,0.08
457447,-6.51703226688757,0.08
457448,-5.93330466753306,0.08
457449,-5.76507464442962,0.08
457450,-5.65021888149603,0.08
457451,-5.69,0.08
457452,-5.97939632681892,0.08
457453,-5.72328551635819,0.08
457454,-5.19494253158832,0.08
457455,-5.88593034633378,0.08
457456,-5.97212200417885,0.08
457457,-5.71893745908068,0.08
457458,-5.67296270379111,0.08
457459,-6.66458873729608,0.08
457460,-6.05514255429564,0.08
457461,-6.13185260679146,0.08
457462,-5.60395105213694,0.08
457463,-5.20079858281309,0.08
457464,-6.04289537481362,0.08
457465,-6.60219023113689,0.08
457466,-5.22288301190003,0.08
457467,-6.02814148349291,0.08
457468,-6.33593332569832,0.08
457469,-6.38927447026855,0.08
457470,-5.54057767404602,0.08
457471,-6.38315154781893,0.08
457472,-5.83297494293763,0.08
457473,-7.11794517056467,0.08
457474,-5.70070928984353,0.08
457475,-5.2968769420367,0.08
457476,-5.97008818899144,0.08
457477,-5.61137379471513,0.08
457478,-5.67715734224099,0.08
457479,-4.98554142210509,0.08
457480,-6.03195964923847,0.08
457481,-6.57376806520746,0.08
457482,-5.88675998485009,0.08
457483,-6.23202372629329,0.08
457484,-6.55823984302956,0.08
457485,-5.82164473730472,0.08
457486,-6.37455573196349,0.08
457487,-6.10066479702366,0.08
457488,-6.34654428642642,0.08
457489,-6.34294198679502,0.08
457490,-6.48673172636819,0.08
457491,-5.75110992066931,0.08
457492,-5.80492821510482,0.08
457493,-5.85615517700659,0.08
457494,-6.1053981744685,0.08
457495,-5.66270696984072,0.08
457496,-3.92977562835834,0.08
457497,-3.6407479310743,0.08
457498,-7.65804618280226,0.08
457499,-8.28045934213751,0.08
457500,-8.49065654439737,0.08
457501,-8.81132430360704,0.08
457502,-8.89552349826202,0.08
457503,-8.8051633744353,0.08
457504,-8.69006948127434,0.08
457505,-8.51216447652639,0.08
457506,-8.77328683970731,0.08
457507,-9.13173138302278,0.08
457508,-8.5432714116193,0.08
457509,-7.81245978620829,0.08
457510,-7.25710889392163,0.08
457511,-6.35813198036283,0.08
457512,-5.45220656949075,0.08
457513,-5.70493411259622,0.08
457514,-5.9662620373159,0.08
457515,-6.12877836194205,0.08
457516,-6.30813410875478,0.08
457517,-6.47535380627364,0.08
457518,-6.59243273414946,0.08
457519,-6.64992233598988,0.08
457520,-6.69997891669188,0.08
457521,-6.68561696616021,0.08
457522,-6.68557498831085,0.08
457523,-6.68662465176791,0.08
457524,-6.74390431950721,0.08
457525,-6.81054852194025,0.08
457526,-6.86845807207985,0.08
457527,-6.94459296189998,0.08
457528,-7.02757285681263,0.08
457529,-7.23157908019616,0.08
457530,-7.44507588652036,0.08
457531,-7.60922992909601,0.08
457532,-7.78102682246476,0.08
457533,-7.96281829312146,0.08
457534,-8.13301951943851,0.08
457535,-8.16762245960347,0.08
457536,-8.10236396897543,0.08
457537,-8.06826487321625,0.08
457538,-7.98511712970215,0.08
457539,-7.95824101653384,0.08
457540,-7.94135937620707,0.08
457541,-7.92687159336985,0.08
457542,-7.94282930130257,0.08
457543,-7.93367469366142,0.08
457544,-8.00208263089287,0.08
457545,-8.01510080517772,0.08
457546,-7.9576952596378,0.08
457547,-7.9385040481604,0.08
457548,-7.91045211179316,0.08
457549,-7.83385533747489,0.08
457550,-7.74184676462453,0.08
457551,-7.68393714464039,0.08
457552,-7.65218975102657,0.08
457553,-7.5194051034208,0.08
457554,-7.41912374162955,0.08
457555,-7.43004209432152,0.08
457556,-7.35189159940291,0.08
457557,-7.22876562683399,0.08
457558,-7.17287175099663,0.08
457559,-7.18370616208694,0.08
457560,-7.14805340147489,0.08
457561,-7.46269055085729,0.08
457562,-7.73714205041521,0.08
457563,-8.08637372759586,0.08
457564,-2.16685884405652,0.08
457565,-2.36811252462427,0.08
457566,-2.95483332396974,0.08
457567,-3.19328980979857,0.08
457568,-4.54063440560696,0.08
457569,-6.06477863033158,0.08
457570,-5.52107344102079,0.08
457571,-4.50034938904256,0.08
457572,-3.06770775649634,0.08
457573,-2.9388532075025,0.08
457574,-1.34835361076292,0.08
457575,-1.02291058331687,0.08
457576,-2.45174495185988,0.08
507791,-4.466410029934529,0.1
507792,-4.427463641971529,0.1
507793,-4.250884555741036,0.1
507794,-4.201389269155083,0.1
507795,-4.31103982299503,0.1
507796,-4.311606414046289,0.1
507797,-4.602980914449339,0.1
507798,-4.533814326664739,0.1
507799,-4.338192168893248,0.1
507800,-4.471804323135812,0.1
507801,-4.465580551756585,0.1
507802,-4.375840205550062,0.1
507803,-4.388621511256505,0.1
507804,-4.611756072753245,0.1
507805,-4.394147768037372,0.1
507806,-4.448621510664859,0.1
507807,-4.99898116949465,0.1
507808,-4.448860792145157,0.1
507809,-4.319087806163028,0.1
507810,-4.429242530259159,0.1
507811,-4.387259429840074,0.1
507812,-4.471404343994579,0.1
507813,-4.35312707518054,0.1
507814,-4.577648085832597,0.1
507815,-4.494910068158952,0.1
507816,-4.524946543712261,0.1
507817,-4.679119232615466,0.1
507818,-4.610650999656209,0.1
507819,-4.656486566324775,0.1
507820,-4.758131098746083,0.1
507821,-4.811917028327735,0.1
507822,-4.906853988304694,0.1
507823,-4.874655226928866,0.1
507824,-4.985057726880048,0.1
507825,-4.825284610318484,0.1
507826,-4.90207631950872,0.1
507827,-5.002483815253406,0.1
507828,-4.999034158301169,0.1
507829,-4.975983289594893,0.1
507830,-5.002634967630782,0.1
507831,-5.048773819641867,0.1
507832,-5.219844395464209,0.1
507833,-5.069617282174137,0.1
507834,-5.022718998737035,0.1
507835,-5.15302520104976,0.1
507836,-5.08142136086764,0.1
507837,-5.181077020372639,0.1
507838,-5.374724163038634,0.1
507839,-5.301173042998362,0.1
507840,-5.44969999726088,0.1
507841,-5.293277220709433,0.1
507842,-5.420468105139173,0.1
507843,-5.617378813880062,0.1
507844,-5.423493804510721,0.1
507845,-5.509009230261189,0.1
507846,-5.512620575345107,0.1
507847,-5.537155375218538,0.1
507848,-5.51269236449334,0.1
507849,-5.680088648246644,0.1
507850,-5.292514555749529,0.1
507851,-5.48443848796019,0.1
507852,-5.457505575161181,0.1
507853,-5.372746629895747,0.1
507854,-5.375741950770355,0.1
507855,-5.468816326199224,0.1
507856,-5.741349071910867,0.1
507857,-5.610580395043402,0.1
507858,-5.578461606979007,0.1
507859,-5.712915935555695,0.1
507860,-5.804424796879029,0.1
507861,-5.294791494196028,0.1
507862,-5.789462379503886,0.1
507863,-5.880070785719552,0.1
507864,-5.845371902240122,0.1
507865,-5.614153236922284,0.1
507866,-5.934787306291776,0.1
507867,-6.044192078506759,0.1
507868,-6.003510501745146,0.1
507869,-6.028995813346009,0.1
507870,-5.765212592461634,0.1
507871,-6.027503220815383,0.1
507872,-6.155985732169069,0.1
507873,-5.906169351144747,0.1
507874,-6.021811046933879,0.1
507875,-5.9091853151559,0.1
507876,-6.250838667217874,0.1
507877,-5.877349696496018,0.1
507878,-5.896552186371662,0.1
507879,-6.066057233310303,0.1
507880,-6.248357221379107,0.1
507881,-6.121886045960912,0.1
507882,-5.541134137161037,0.1
507883,-5.575921699054837,0.1
507884,-5.452937531675659,0.1
507885,-5.453174604083366,0.1
507886,-5.843987536895334,0.1
507887,-5.504959895708256,0.1
507888,-5.636699151845328,0.1
507889,-5.466833383571399,0.1
507890,-5.357854156314687,0.1
507891,-5.639161368837606,0.1
507892,-5.401738495545604,0.1
507893,-5.681965578340955,0.1
507894,-5.393352274620286,0.1
507895,-5.495607464411179,0.1
507896,-5.42,0.1
507897,-5.46,0.1
507898,-5.38,0.1
507899,-5.26,0.1
507900,-5.39,0.1
507901,-5.45,0.1
507902,-5.4,0.1
507903,-5.4,0.1
507904,-5.44,0.1
507905,-5.47,0.1
507906,-5.74,0.1
507907,-5.66,0.1
507908,-5.58,0.1
507909,-5.63,0.1
507910,-5.56,0.1
507911,-5.74,0.1
507912,-5.68,0.1
507913,-5.87,0.1
507914,-6.05,0.1
507915,-6.29,0.1
507916,-6.16,0.1
507917,-6.27,0.1
507918,-6.27,0.1
507919,-6.04,0.1
507920,-6.15,0.1
507921,-6.07,0.1
507922,-6.02,0.1
507923,-6.05,0.1
507924,-6.06,0.1
507925,-6.07,0.1
507926,-5.98,0.1
507927,-6.21,0.1
507928,-6.08,0.1
507929,-6.35,0.1
507930,-6.18,0.1
507931,-5.96,0.1
507932,-5.91,0.1
507933,-5.93,0.1
507934,-5.66,0.1
507935,-5.5,0.1
507936,-5.2,0.1
507937,-5.07,0.1
507938,-5.22,0.1
507939,-4.92,0.1
507940,-4.76,0.1
507941,-4.88,0.1
507942,-4.83,0.1
507943,-4.72,0.1
507944,-4.6,0.1
507945,-4.78,0.1
507946,-4.69,0.1
507947,-4.68,0.1
507948,-4.65,0.1
507949,-4.46,0.1
507950,-4.61,0.1
507951,-4.64,0.1
507952,-4.6,0.1
507953,-4.64,0.1
507954,-4.62,0.1
507955,-4.48,0.1
507956,-4.43,0.1
507957,-4.62,0.1
507958,-4.63,0.1
507959,-4.63,0.1
507960,-4.56,0.1
507961,-4.56,0.1
507962,-4.51,0.1
507963,-4.6,0.1
507964,-4.61,0.1
507965,-4.58,0.1
507966,-4.5,0.1
507967,-4.41,0.1
507968,-4.5,0.1
507969,-4.5,0.1
507970,-4.48,0.1
507971,-4.48,0.1
507972,-4.46,0.1
507973,-4.45,0.1
507974,-4.36,0.1
507975,-4.4,0.1
507976,-4.24,0.1
507977,-4.49,0.1
507978,-4.35,0.1
507979,-4.42,0.1
507980,-4.4,0.1
507981,-4.48,0.1
507982,-4.39,0.1
507983,-4.46,0.1
507984,-4.36,0.1
507985,-4.31,0.1
507986,-4.35,0.1
507987,-4.32,0.1
507988,-4.29,0.1
507989,-4.29,0.1
507990,-4.3,0.1
507991,-4.35,0.1
507992,-4.38,0.1
507993,-4.36,0.1
507994,-4.31,0.1
507995,-4.3,0.1
507996,-4.24,0.1
507997,-4.25,0.1
507998,-4.2,0.1
507999,-4.2,0.1
508000,-4.21,0.1
508001,-4.11,0.1
508002,-4.21,0.1
508003,-4.11,0.1
508004,-4.15,0.1
508005,-4.05,0.1
508006,-3.94,0.1
508007,-3.88,0.1
508008,-3.93,0.1
508009,-3.87,0.1
508010,-3.91,0.1
508011,-3.93,0.1
508012,-3.92,0.1
508013,-3.91,0.1
508014,-3.93,0.1
508015,-3.89,0.1
508016,-3.93,0.1
508017,-3.98,0.1
508018,-3.95,0.1
508019,-3.93,0.1
508020,-4.05,0.1
508021,-3.95,0.1
508022,-4.07,0.1
508023,-4.13,0.1
508024,-4.15,0.1
508025,-4.25,0.1
508026,-4.23,0.1
508027,-4.19,0.1
508028,-4.31,0.1
508029,-4.25,0.1
508030,-4.33,0.1
508031,-4.08,0.1
508032,-4.35,0.1
508033,-4.14,0.1
508034,-4.22,0.1
508035,-4.17,0.1
508036,-4.08,0.1
508037,-4.12,0.1
508038,-4.14,0.1
508039,-4.14,0.1
508040,-4.12,0.1
508041,-4.06,0.1
508042,-3.99,0.1
508043,-4.05,0.1
508044,-3.97,0.1
508045,-4.01,0.1
508046,-4.02,0.1
508047,-3.75,0.1
508048,-3.81,0.1
508049,-3.77,0.1
508050,-3.81,0.1
508051,-3.87,0.1
508052,-3.69,0.1
508053,-3.79,0.1
508054,-3.63,0.1
508055,-3.7,0.1
508056,-3.75,0.1
508057,-3.87,0.1
508058,-3.73,0.1
508059,-3.7,0.1
508060,-3.68,0.1
508061,-3.56,0.1
508062,-3.74,0.1
508063,-3.7,0.1
508064,-3.81,0.1
508065,-3.6,0.1
508066,-3.81,0.1
508067,-3.59,0.1
508068,-3.64,0.1
508069,-4.07,0.1
508070,-3.72,0.1
508071,-3.69,0.1
508072,-3.7,0.1
508073,-3.83,0.1
508074,-4.05,0.1
508075,-3.99,0.1
508076,-3.84,0.1
508077,-3.95,0.1
508078,-3.97,0.1
508079,-4.22,0.1
508080,-4.14,0.1
508081,-4.23,0.1
508082,-4.1,0.1
508083,-4.18,0.1
508084,-4.14,0.1
508085,-4.09,0.1
508086,-4.04,0.1
508087,-4.15,0.1
508088,-4.11,0.1
508089,-3.97,0.1
508090,-4.06,0.1
508091,-3.94,0.1
508092,-4.19,0.1
508093,-4.04,0.1
508094,-4.22,0.1
508095,-4.06,0.1
508096,-4.08,0.1
508097,-4.29,0.1
508098,-4.36,0.1
508099,-4.42,0.1
508100,-4.39,0.1
508101,-4.31,0.1
508102,-4.33,0.1
508103,-4.37,0.1
508104,-4.45,0.1
508105,-4.47,0.1
508106,-4.36,0.1
508107,-4.33,0.1
508108,-4.21,0.1
508109,-4.46,0.1
508110,-4.46,0.1
508111,-4.52,0.1
508112,-4.24,0.1
508113,-4.37,0.1
508114,-4.44,0.1
508115,-4.42,0.1
508116,-4.52,0.1
508117,-4.58,0.1
508118,-4.29,0.1
508119,-4.29,0.1
508120,-4.16,0.1
508121,-4.27,0.1
508122,-4.14,0.1
508123,-4.33,0.1
508124,-4.22,0.1
508125,-4.3,0.1
508126,-4.23,0.1
508127,-4.21,0.1
508128,-4.15,0.1
508129,-4.16,0.1
508130,-4.11,0.1
508131,-4.12,0.1
508132,-4.1,0.1
508133,-4.15,0.1
508134,-4.11,0.1
508135,-4.11,0.1
508136,-4.13,0.1
508137,-4.12,0.1
508138,-4.12,0.1
508139,-4.14,0.1
508140,-4.2,0.1
508141,-4.0,0.1
508142,-3.96,0.1
508143,-3.99,0.1
508144,-4.0,0.1
508145,-3.93,0.1
508146,-3.86,0.1
508147,-3.94,0.1
508148,-3.87,0.1
508149,-3.93,0.1
508150,-3.85,0.1
508151,-3.9,0.1
508152,-3.98,0.1
508153,-3.95,0.1
508154,-4.07,0.1
508155,-3.91,0.1
508156,-3.9,0.1
508157,-3.95,0.1
508158,-3.91,0.1
508159,-3.8,0.1
508160,-3.88,0.1
508161,-3.9,0.1
508162,-3.86,0.1
508163,-3.91,0.1
508164,-3.87,0.1
508165,-3.84,0.1
508166,-3.83,0.1
508167,-3.82,0.1
508168,-3.84,0.1
508169,-3.88,0.1
508170,-3.74,0.1
508171,-3.78,0.1
508172,-3.8,0.1
508173,-3.84,0.1
508174,-3.79,0.1
508175,-3.78,0.1
508176,-3.8,0.1
508177,-3.78,0.1
508178,-3.71,0.1
508179,-3.73,0.1
508180,-3.81,0.1
508181,-3.8,0.1
508182,-3.66,0.1
508183,-3.81,0.1
508184,-3.78,0.1
508185,-3.77,0.1
508186,-3.77,0.1
508187,-3.64,0.1
508188,-3.73,0.1
508189,-3.63,0.1
508190,-3.76,0.1
508191,-3.69,0.1
508192,-3.71,0.1
508193,-3.76,0.1
508194,-3.84,0.1
508195,-3.72,0.1
508196,-3.65,0.1
508197,-3.7,0.1
508198,-3.69,0.1
508199,-3.66,0.1
508200,-3.71,0.1
508201,-3.81,0.1
508202,-3.73,0.1
508203,-3.79,0.1
508204,-3.79,0.1
508205,-3.78,0.1
508206,-3.78,0.1
508207,-3.81,0.1
508208,-3.88,0.1
508209,-3.49,0.1
508210,-3.78,0.1
508211,-3.78,0.1
508212,-3.85,0.1
508213,-3.89,0.1
508214,-3.85,0.1
508215,-3.9,0.1
508216,-4.01,0.1
508217,-4.04,0.1
508218,-3.95,0.1
508219,-3.93,0.1
508220,-3.87,0.1
508221,-3.83,0.1
508222,-3.92,0.1
508223,-3.86,0.1
508224,-3.91,0.1
508225,-3.78,0.1
508226,-3.87,0.1
508227,-3.88,0.1
508228,-3.93,0.1
508229,-3.9,0.1
508230,-3.87,0.1
508231,-3.82,0.1
508232,-3.9,0.1
508233,-3.85,0.1
508234,-3.88,0.1
508235,-3.88,0.1
508236,-4.05,0.1
508237,-3.89,0.1
508238,-3.94,0.1
508239,-4.02,0.1
508240,-3.97,0.1
508241,-3.92,0.1
508242,-4.06,0.1
508243,-3.91,0.1
508244,-4.0,0.1
508245,-4.01,0.1
508246,-4.02,0.1
508247,-3.98,0.1
508248,-3.94,0.1
508249,-3.98,0.1
508250,-3.9,0.1
508251,-3.88,0.1
508252,-3.95,0.1
508253,-3.92,0.1
508254,-3.97,0.1
508255,-3.88,0.1
508256,-4.03,0.1
508257,-3.85,0.1
508258,-4.12,0.1
508259,-4.04,0.1
508260,-4.2,0.1
508261,-4.0,0.1
508262,-3.924121098509749,0.1
508263,-3.825753362941018,0.1
508264,-3.868020545297939,0.1
508265,-3.860591920401236,0.1
508266,-3.92693893008051,0.1
508267,-3.814225952591374,0.1
508268,-3.880060422802852,0.1
508269,-3.858030286251845,0.1
508270,-3.780667874095926,0.1
508271,-3.734558154521644,0.1
508272,-3.720212977096195,0.1
508273,-3.78271740656147,0.1
508274,-3.871863383491766,0.1
508275,-4.049130236918446,0.1
508276,-3.820117461363594,0.1
508277,-3.942821092686136,0.1
508278,-3.962033526656295,0.1
508279,-3.951530642149129,0.1
508280,-4.294537564058486,0.1
508281,-4.101900188473367,0.1
508282,-4.409812124882805,0.1
508283,-4.812505220583475,0.1
508284,-4.628065544894151,0.1
508285,-5.137323853258588,0.1
508286,-5.056631644655544,0.1
508287,-4.82019046700475,0.1
508288,-5.059961484099308,0.1
508289,-5.030502701153278,0.1
508290,-5.366592538939093,0.1
508291,-5.313822249274247,0.1
508292,-5.382731022092825,0.1
508293,-5.409628616490984,0.1
508294,-5.391440815854898,0.1
508295,-5.372996989783992,0.1
508296,-5.252854877301675,0.1
508297,-5.235435641568205,0.1
508298,-5.192399693006227,0.1
508299,-5.219553312839205,0.1
508300,-4.952115956639751,0.1
508301,-5.024867022376613,0.1
508302,-4.902163232748268,0.1
508303,-5.000531011313637,0.1
508304,-4.921632446548803,0.1
508305,-5.041774113429599,0.1
508306,-5.207001175344641,0.1
508307,-5.17421210735333,0.1
508308,-5.280777097216337,0.1
508309,-5.337645791227561,0.1
508310,-5.305881313573685,0.1
508311,-5.269249421069294,0.1
508312,-5.253367358137693,0.1
508313,-5.186251337954282,0.1
508314,-5.312285498621185,0.1
508315,-5.211099528876811,0.1
508316,-4.629858539874006,0.1
508317,-3.780411852569892,0.1
508318,-4.433379094171364,0.1
508319,-4.50869236864905,0.1
508320,-4.153646431121931,0.1
508321,-2.940699326564526,0.1
508322,-2.67582344620866,0.1
