sample_id,d18O_measurement,d18O_precision
456606,-4.0,0.08
456607,-4.0,0.08
456608,-3.95,0.08
456609,-3.96,0.08
456610,-4.1,0.08
456611,-3.96,0.08
456612,-3.98,0.08
456613,-4.01,0.08
456614,-4.05,0.08
456615,-4.06,0.08
456616,-4.01,0.08
456617,-4.07,0.08
456618,-4.22,0.08
456619,-4.14,0.08
456620,-4.07,0.08
456621,-3.99,0.08
456622,-4.24,0.08
456623,-4.26,0.08
456624,-4.12,0.08
456625,-4.29,0.08
456626,-4.25,0.08
456627,-4.21,0.08
456628,-3.99,0.08
456629,-3.91,0.08
456630,-3.97,0.08
456631,-3.88,0.08
456632,-3.98,0.08
456633,-3.82,0.08
456634,-3.72,0.08
456635,-3.81,0.08
456636,-4.03,0.08
456637,-4.23,0.08
456638,-4.27,0.08
456639,-4.22,0.08
456640,-4.03,0.08
456641,-4.09,0.08
456642,-4.15,0.08
456643,-4.18,0.08
456644,-4.24,0.08
456645,-4.25,0.08
456646,-4.12,0.08
456647,-4.14,0.08
456648,-4.11,0.08
456649,-4.02,0.08
456650,-4.06,0.08
456651,-4.14,0.08
456652,-4.42,0.08
456653,-4.74,0.08
456654,-4.47,0.08
456655,-4.33,0.08
456656,-4.36,0.08
456657,-4.34,0.08
456658,-4.29,0.08
456659,-4.25,0.08
456660,-4.31,0.08
456661,-4.26,0.08
456662,-4.27,0.08
456663,-4.25,0.08
456664,-4.32,0.08
456665,-4.38,0.08
456666,-4.34,0.08
456667,-4.23,0.08
456668,-4.26,0.08
456669,-4.37,0.08
456670,-4.26,0.08
456671,-4.29,0.08
456672,-4.25,0.08
456673,-4.34,0.08
456674,-4.3,0.08
456675,-4.28,0.08
456676,-4.29,0.08
456677,-4.25,0.08
456678,-4.3,0.08
456679,-4.32,0.08
456680,-4.34,0.08
456681,-4.39,0.08
456682,-4.41,0.08
456683,-4.37,0.08
456684,-4.32,0.08
456685,-4.36,0.08
456686,-4.47,0.08
456687,-4.46,0.08
456688,-4.46,0.08
456689,-4.65,0.08
456690,-4.65,0.08
456691,-4.61,0.08
456692,-4.5,0.08
456693,-4.47,0.08
456694,-4.48,0.08
456695,-4.36,0.08
456696,-4.24,0.08
456697,-4.39,0.08
456698,-4.25,0.08
456699,-4.29,0.08
456700,-4.37,0.08
456701,-4.3,0.08
456702,-4.23703943613371,0.08
456703,-4.36468438210667,0.08
456704,-4.32668629907252,0.08
456705,-4.3255171778582,0.08
456706,-4.30859084168207,0.08
456707,-4.3821872647408,0.08
456708,-4.36410784848895,0.08
456709,-4.34857121758954,0.08
456710,-4.49252440643457,0.08
456711,-4.38670825167122,0.08
456712,-4.42734850652259,0.08
456713,-4.43523825960306,0.08
456714,-4.37092367333472,0.08
456715,-4.51417131804908,0.08
456716,-4.46854714946632,0.08
456717,-4.5085404506319,0.08
456718,-4.47693391245709,0.08
456719,-4.49718165121486,0.08
456720,-4.36227799613487,0.08
456721,-4.36419539631541,0.08
456722,-4.46478194812953,0.08
456723,-4.45863371678446,0.08
456724,-4.56207309787943,0.08
456725,-4.35000205494909,0.08
456726,-4.06627304480196,0.08
456727,-4.07612740834358,0.08
456728,-4.16366268155409,0.08
456729,-4.06671880641309,0.08
456730,-3.99470473362969,0.08
456731,-4.06500311607425,0.08
456732,-4.24064551437265,0.08
456733,-4.41352855422328,0.08
456734,-4.17970853177299,0.08
456735,-4.00368203645437,0.08
456736,-3.88194386567288,0.08
456737,-4.13770055528141,0.08
456738,-4.17807704305107,0.08
456739,-4.12163996927759,0.08
456740,-4.04145479900609,0.08
456741,-4.30849224364354,0.08
456742,-4.69668846847941,0.08
456743,-4.98586151558124,0.08
456744,-4.99735224426279,0.08
456745,-5.14829457364341,0.08
456746,-5.12485822739475,0.08
456747,-5.23406033110021,0.08
456748,-4.94921120794214,0.08
456749,-5.15130477431225,0.08
456750,-5.0943100715764,0.08
456751,-5.1931544306239,0.08
456752,-5.22815168110807,0.08
456753,-5.55358570086214,0.08
456754,-5.67576065510058,0.08
456755,-5.9239776126162,0.08
456756,-5.75892344910051,0.08
456757,-5.59715335296681,0.08
456758,-5.92552127569653,0.08
456759,-5.77602795517297,0.08
456760,-5.65688927162936,0.08
456761,-5.55748893733542,0.08
456762,-5.58526987323867,0.08
456763,-5.48587353166559,0.08
456764,-5.57564058365335,0.08
456765,-5.29289338735684,0.08
456766,-5.07291317401687,0.08
456767,-4.92809806953641,0.08
456768,-5.14947935858726,0.08
456769,-5.10003245261951,0.08
456770,-5.08211265361375,0.08
456771,-5.07892298375787,0.08
456772,-5.07732067094459,0.08
456773,-4.94769636196428,0.08
456774,-4.86323561439186,0.08
456775,-4.79071629030981,0.08
456776,-4.62941902146942,0.08
456777,-4.51871216842293,0.08
456778,-4.70921616343952,0.08
456779,-4.59715415120028,0.08
456780,-4.53145333358201,0.08
456781,-4.09169738852964,0.08
456782,-3.85372778795226,0.08
456783,-3.33144565478879,0.08
456784,-3.41831837123317,0.08
456785,-3.65940114040079,0.08
456786,-3.87239822881709,0.08
456787,-4.89219798010655,0.08
456788,-4.03165546972048,0.08
456789,-4.01663710098767,0.08
456790,-3.80388805737661,0.08
456791,-3.4104017637981,0.08
456792,-2.99327549568923,0.08
456793,-2.82452818261096,0.08
456794,-2.69980342671498,0.08
456795,-2.62155715724084,0.08
456796,-2.59633304061267,0.08
456797,-2.64451312149935,0.08
456798,-2.62036066428146,0.08
456799,-2.56756074860445,0.08
456800,-2.5924565124479,0.08
456801,-2.56555979643766,0.08
456802,-2.70413486005089,0.08
456803,-2.68604325699746,0.08
456804,-2.53128498727735,0.08
456805,-2.44319338422392,0.08
456806,-2.70176844783715,0.08
456807,-2.91367684478371,0.08
456808,-2.69416030534351,0.08
456809,-2.58606870229008,0.08
456810,-2.54464376590331,0.08
456811,-2.48655216284987,0.08
456812,-2.5251272264631,0.08
456813,-2.64370229007634,0.08
456814,-2.7756106870229,0.08
456815,-2.5508524173028,0.08
456816,-2.64466921119593,0.08
456817,-2.71657760814249,0.08
456818,-2.62181933842239,0.08
456819,-2.63372773536896,0.08
456820,-2.46230279898219,0.08
456821,-2.60087786259542,0.08
456822,-2.74945292620865,0.08
456823,-3.62846698113207,0.08
456824,-4.72610849056604,0.08
456825,-3.64375,0.08
456826,-3.51139150943396,0.08
456827,-4.01903301886792,0.08
456828,-4.6075,0.08
456829,-4.3675,0.08
456830,-4.2175,0.08
456831,-4.4775,0.08
456832,-4.4875,0.08
456833,-4.3575,0.08
456834,-4.5275,0.08
456835,-4.5175,0.08
456836,-4.3675,0.08
456837,-4.3775,0.08
456838,-4.2475,0.08
456839,-3.9875,0.08
456840,-3.9275,0.08
456841,-3.9275,0.08
456842,-3.7375,0.08
456843,-3.9975,0.08
456844,-3.7975,0.08
456845,-3.8975,0.08
456846,-4.0275,0.08
456847,-3.9875,0.08
456848,-3.9775,0.08
456849,-3.9475,0.08
456850,-3.9075,0.08
456851,-3.9775,0.08
456852,-4.2375,0.08
456853,-4.2175,0.08
456854,-4.0275,0.08
456855,-3.7975,0.08
456856,-3.7675,0.08
456857,-3.6575,0.08
456858,-4.4075,0.08
456859,-4.4075,0.08
456860,-4.6375,0.08
456861,-4.6475,0.08
456862,-4.2175,0.08
456863,-4.2275,0.08
456864,-4.4275,0.08
456865,-4.6275,0.08
456866,-5.0675,0.08
456867,-5.6275,0.08
456868,-5.2475,0.08
456869,-5.05,0.08
456870,-5.1,0.08
456871,-5.59,0.08
456872,-5.37,0.08
456873,-5.33,0.08
456874,-5.43,0.08
456875,-5.08,0.08
456876,-4.87,0.08
456877,-4.58,0.08
456878,-3.3,0.08
456879,-3.57,0.08
456880,-3.49,0.08
456881,-3.42,0.08
456882,-3.28,0.08
456883,-3.32,0.08
456884,-3.24,0.08
456885,-3.27,0.08
456886,-3.06,0.08
456887,-3.19,0.08
456888,-3.41,0.08
456889,-3.78,0.08
456890,-3.86,0.08
456891,-3.33,0.08
456892,-3.57,0.08
456893,-3.76,0.08
456894,-3.54,0.08
456895,-3.47,0.08
456896,-3.52,0.08
456897,-3.22,0.08
456898,-3.1,0.08
456899,-3.07,0.08
456900,-2.92,0.08
456901,-3.15,0.08
456902,-3.09,0.08
456903,-3.19,0.08
456904,-3.47,0.08
456905,-3.31,0.08
456906,-3.18,0.08
456907,-3.18,0.08
456908,-3.5,0.08
456909,-3.19,0.08
456910,-3.20209905660377,0.08
456911,-3.20672169811321,0.08
456912,-3.36134433962264,0.08
456913,-3.25596698113208,0.08
456914,-3.66058962264151,0.08
456915,-3.83983490566038,0.08
456916,-3.95445754716981,0.08
456918,-3.89077830188679,0.08
456919,-3.91540094339623,0.08
456920,-3.88002358490566,0.08
456921,-3.80464622641509,0.08
456922,-4.09926886792453,0.08
456923,-3.9185141509434,0.08
456924,-3.93313679245283,0.08
456925,-4.06775943396226,0.08
456926,-3.7423820754717,0.08
456927,-3.68700471698113,0.08
456928,-3.68162735849057,0.08
456929,-4.74625,0.08
456930,-5.25087264150943,0.08
456931,-4.51549528301887,0.08
456932,-4.69125,0.08
456933,-3.72125,0.08
456934,-3.91125,0.08
456935,-2.73125,0.08
456936,-2.60055555555556,0.08
456937,-2.57722222222222,0.08
456938,-2.68055555555556,0.08
456939,-2.80388888888889,0.08
456940,-2.66722222222222,0.08
456941,-2.78722222222222,0.08
456942,-2.68055555555556,0.08
456943,-2.59388888888889,0.08
456944,-3.37055555555556,0.08
456945,-2.77722222222222,0.08
456946,-2.45388888888889,0.08
456947,-2.57722222222222,0.08
456948,-2.70388888888889,0.08
456949,-2.78758333333333,0.05
456950,-3.23158333333333,0.05
456951,-3.16058333333333,0.05
456952,-3.38958333333333,0.05
456953,-3.31158333333333,0.05
456954,-3.59658333333333,0.05
456955,-3.94658333333333,0.05
456956,-3.91258333333333,0.05
456957,-3.79358333333333,0.05
456958,-3.62058333333333,0.05
456959,-3.36258333333333,0.05
456960,-3.60958333333333,0.05
456961,-3.11858333333333,0.05
456962,-2.89619047619048,0.1
456963,-3.16158333333333,0.05
456964,-3.22619047619048,0.1
456965,-3.31258333333333,0.05
456966,-3.25285714285714,0.1
456967,-3.42658333333333,0.05
456968,-3.03952380952381,0.1
456969,-3.47858333333333,0.05
456970,-3.09619047619048,0.1
456971,-3.28358333333333,0.05
456972,-3.23285714285714,0.1
456973,-3.38758333333333,0.05
456974,-3.60758333333333,0.05
456975,-3.79258333333333,0.05
456976,-3.65958333333333,0.05
456977,-3.92358333333333,0.05
456978,-3.88158333333333,0.05
456979,-3.59058333333333,0.05
456980,-3.54258333333333,0.05
456981,-3.41758333333333,0.05
456982,-3.82058333333333,0.05
456983,-4.00358333333333,0.05
456984,-3.88758333333333,0.05
456985,-4.11952380952381,0.1
456986,-3.99058333333333,0.05
456987,-4.04285714285714,0.1
456988,-3.78952380952381,0.1
456989,-4.27285714285714,0.1
456990,-4.17658333333333,0.05
456991,-4.10952380952381,0.1
456992,-4.19858333333333,0.05
456993,-3.67952380952381,0.1
456994,-3.86216666666667,0.05
456995,-3.85316666666667,0.05
456996,-3.73916666666667,0.05
456997,-4.18416666666667,0.05
456998,-4.07016666666667,0.05
456999,-3.77416666666667,0.05
457000,-4.04416666666667,0.05
457001,-4.31216666666667,0.05
457002,-4.36516666666667,0.05
457003,-4.23316666666667,0.05
457004,-3.75116666666667,0.05
457006,-3.96827329192547,0.05
457007,-2.88614285714286,0.05
457008,-3.01157763975155,0.05
457009,-4.20701242236025,0.05
457010,-3.85844720496894,0.05
457011,-4.00588198757764,0.05
457012,-2.93231677018634,0.05
457013,-2.82575155279503,0.05
457014,-3.50718633540373,0.05
457015,-3.89705590062112,0.05
457016,-3.94449068322981,0.05
457017,-3.76592546583851,0.05
457018,-4.1113602484472,0.05
457019,-4.2047950310559,0.05
457020,-4.95383896877076,0.08
457021,-4.84745317928379,0.08
457022,-4.47485560501768,0.08
457023,-4.53200406231945,0.08
457024,-4.79350576267856,0.08
457025,-4.73031269208361,0.08
457026,-4.69649666404904,0.08
457027,-4.48688407241607,0.08
457028,-4.44618973964833,0.08
457029,-4.43989293368423,0.08
457030,-4.63996654954149,0.08
457031,-4.86427105558314,0.08
457032,-4.85507768492742,0.08
457033,-4.70709449699886,0.08
457034,-4.81598092849927,0.08
457035,-4.99619559075977,0.08
457036,-4.60546078648692,0.08
457037,-4.89065753857115,0.08
457038,-4.62233962569363,0.08
457039,-4.7795492088706,0.08
457040,-4.76866613979199,0.08
457041,-5.03980277492961,0.08
457042,-4.8428865306539,0.08
457043,-4.76030532306129,0.08
457044,-4.98983601089268,0.08
457045,-4.88253682594561,0.08
457046,-4.98469750393543,0.08
457047,-4.90376644312845,0.08
457048,-4.89861976246629,0.08
457049,-4.91340066204091,0.08
457050,-4.78735595079525,0.08
457051,-4.70075601421708,0.08
457052,-4.79447162640746,0.08
457053,-4.95557968575243,0.08
457054,-4.85548320404061,0.08
457055,-4.67665074627856,0.08
457056,-4.84729148534089,0.08
457057,-4.83184914528672,0.08
457058,-4.61116722489037,0.08
457059,-4.49170193118114,0.08
457060,-4.62875661841516,0.08
457061,-4.57079464326416,0.08
457062,-4.41654774715514,0.08
457063,-4.63510911890509,0.08
457064,-4.34584507091653,0.08
457065,-4.5475148956231,0.08
457066,-4.30738230324644,0.08
457067,-4.38317894409453,0.08
457068,-4.48405534694134,0.08
457069,-4.46346151740568,0.08
457070,-4.53688933970014,0.08
457071,-4.42686159332434,0.08
457072,-4.58683582675629,0.08
457073,-4.33356661366588,0.08
457074,-4.56147076564283,0.08
457075,-4.37375748946254,0.08
457076,-4.47239873038122,0.08
457077,-4.35147563296243,0.08
457078,-4.31718559077181,0.08
457079,-4.69802178562789,0.08
457080,-4.44141419292602,0.08
457081,-4.51960977097948,0.08
457082,-4.41939749419932,0.08
457083,-4.04116340077318,0.08
457084,-4.59514997728301,0.08
457085,-4.39477494385634,0.08
457086,-4.39014969116651,0.08
457087,-4.39608815583077,0.08
457088,-4.20323877588016,0.08
457089,-4.13782931784441,0.08
457090,-4.10927360951729,0.08
457091,-4.26816669044293,0.08
457092,-4.4518591585464,0.08
457093,-4.38077236085938,0.08
457094,-4.52509241223874,0.08
457095,-4.79193856325743,0.08
457096,-4.52990934477485,0.08
457097,-4.6926752379602,0.08
457098,-4.71422916492569,0.08
457099,-4.58632105134861,0.08
457100,-4.70953427374901,0.08
457101,-4.76114732006401,0.08
457102,-4.70752802130962,0.08
457103,-4.64285549586975,0.08
457104,-4.62558723738653,0.08
457105,-4.59446881001401,0.08
457106,-4.79239065291375,0.08
457107,-4.49010499267792,0.08
457108,-4.59395262030639,0.08
457109,-4.69556231479769,0.08
457110,-4.81909826073982,0.08
457111,-4.80066422222496,0.08
457112,-5.00670259400086,0.08
457113,-4.99961482276091,0.08
457114,-4.97993673994489,0.08
457115,-4.76578112160095,0.08
457116,-4.39859721337584,0.08
457117,-4.72228925470612,0.08
457118,-4.61033923253606,0.08
457119,-4.40162495631686,0.08
457120,-4.31753538199766,0.08
457121,-4.4221796591432,0.08
457122,-4.52284718507535,0.08
457123,-4.68085796604288,0.08
457124,-4.57613102820816,0.08
457125,-4.48149347465181,0.08
457126,-4.74791249168357,0.08
457127,-4.64652374625784,0.08
457128,-4.67253197547535,0.08
457129,-4.5479029008081,0.08
457130,-4.69494034585658,0.08
457131,-4.6631261000606,0.08
457132,-4.58611786327185,0.08
457133,-4.54603773377562,0.08
457134,-4.76355973564307,0.08
457135,-4.71264580807831,0.08
457136,-4.98360733073805,0.08
457137,-4.94129044234094,0.08
457138,-4.80463367026193,0.08
457139,-4.47247682470778,0.08
457140,-4.66136239254108,0.08
457141,-4.67624909767081,0.08
457142,-4.8801514896456,0.08
457143,-4.73049616993674,0.08
457144,-4.76643703905276,0.08
457145,-4.89040204496995,0.08
457146,-4.91364822763901,0.08
457147,-4.78993128614836,0.08
457148,-4.91977517951426,0.08
457149,-4.91213718165406,0.08
457150,-4.82238409102452,0.08
457151,-4.79719763659885,0.08
457152,-4.87117931317064,0.08
457153,-4.82813547606196,0.08
457154,-4.8111158033416,0.08
457155,-4.97815845425686,0.08
457156,-5.03162901285335,0.08
457157,-5.12345003523536,0.08
457158,-4.94410030369853,0.08
457159,-5.13659068806874,0.08
457160,-4.91721133194526,0.08
457161,-4.91967373410716,0.08
457162,-4.92359494595513,0.08
457163,-4.8763824349252,0.08
457164,-4.5826110797105,0.08
457165,-5.05003427317152,0.08
457166,-4.79876138766591,0.08
457167,-4.68309026652094,0.08
457168,-4.82316403506753,0.08
457169,-4.75105485333318,0.08
457170,-4.78703171611227,0.08
457171,-4.83764434115284,0.08
457172,-4.8215500116783,0.08
457173,-4.79997859875177,0.08
457174,-4.65517726007914,0.08
457175,-4.63535491938095,0.08
457176,-4.53642920783678,0.08
457177,-4.53384833758495,0.08
457178,-4.62951894228145,0.08
457179,-4.72630691617437,0.08
457180,-4.85166928802922,0.08
457181,-4.76919562628919,0.08
457182,-4.87124878199333,0.08
457183,-4.8673801625258,0.08
457184,-4.6577523385514,0.08
457185,-4.82830316303434,0.08
457186,-4.77667187859967,0.08
457187,-4.65182307726389,0.08
457188,-4.91669149589363,0.08
457189,-4.76825865824537,0.08
457190,-4.94301092150768,0.08
457191,-4.99421627392228,0.08
457192,-4.96683178423486,0.08
457193,-5.11375914620621,0.08
457194,-5.10562454198804,0.08
457195,-4.85520304856852,0.08
457196,-4.97217159114282,0.08
457197,-4.94835134505457,0.08
457198,-4.82870905471421,0.08
457199,-4.96925809985153,0.08
457200,-4.88035023267294,0.08
457201,-4.78960545501064,0.08
457202,-4.95864951239633,0.08
457203,-5.09235213079453,0.08
457204,-4.69049678832279,0.08
457205,-4.77964757785218,0.08
457206,-4.99415692794111,0.08
457207,-4.85235235757099,0.08
457208,-4.6893517337819,0.08
457209,-4.77326861305942,0.08
457210,-4.98145534301768,0.08
457211,-4.60567083514937,0.08
457212,-4.45400052536464,0.08
457213,-4.37793483397399,0.08
457214,-4.66844660132716,0.08
457215,-4.88684716859994,0.08
457216,-4.59889462477894,0.08
457217,-4.9185004636799,0.08
457218,-4.81305050263358,0.08
457219,-4.90240696919012,0.08
457220,-4.89887991521345,0.08
457221,-4.48484683362626,0.08
457222,-4.64177174459961,0.08
457223,-4.47190491731881,0.08
457224,-4.54955117583277,0.08
457225,-4.54491335262346,0.08
457226,-4.46455817351645,0.08
457227,-4.66757477737594,0.08
457228,-4.75140187445368,0.08
457229,-4.74856597124899,0.08
457230,-4.88618634730041,0.08
457231,-5.05078633383112,0.08
457232,-4.87554408144684,0.08
457233,-4.98004946537252,0.08
457234,-5.05716096148582,0.08
457235,-4.94482088064592,0.08
457236,-4.74318473255088,0.08
457237,-4.73372212797037,0.08
457238,-4.89157685412613,0.08
457239,-4.86343144427747,0.08
457240,-5.06797244396008,0.08
457241,-4.90967450582521,0.08
457242,-4.97979861201862,0.08
457243,-4.9118209796658,0.08
457244,-4.86249302748743,0.08
457245,-5.30107310060485,0.08
457246,-5.16444070570059,0.08
457247,-5.17839209124452,0.08
457248,-5.01317666875438,0.08
457249,-4.98276590056362,0.08
457250,-4.83302676865029,0.08
457251,-4.87113649399477,0.08
457252,-4.74362489907361,0.08
457253,-5.04512778885366,0.08
457254,-5.03393863484703,0.08
457255,-4.88374706176828,0.08
457256,-4.85730292900076,0.08
457257,-4.74285398040325,0.08
457258,-5.13625125921398,0.08
457259,-5.17494397218213,0.08
457260,-5.34611259536197,0.08
457261,-5.09682038971189,0.08
457262,-5.05740176015029,0.08
457263,-5.0521777527085,0.08
457264,-5.07078208479025,0.08
457265,-4.67028455621251,0.08
457266,-4.66650876549439,0.08
457267,-4.09634013200067,0.08
457268,-4.41671716542974,0.08
457269,-4.90038460139652,0.08
457270,-4.60236349914824,0.08
457271,-4.52498662680976,0.08
457272,-4.78556913154932,0.08
457273,-4.90923731060783,0.08
457274,-5.02261139154285,0.08
457275,-5.10557417154058,0.08
457276,-5.25789927467538,0.08
457277,-5.17712860108901,0.08
457278,-5.50615867855567,0.08
457279,-5.55404874579814,0.08
457280,-5.19897285043857,0.08
457281,-5.10538854754569,0.08
457282,-5.20687439957737,0.08
457283,-5.22687059731438,0.08
457284,-5.12229724924467,0.08
457285,-5.01588240229177,0.08
457286,-5.11408133879569,0.08
457287,-5.27855767067414,0.08
457288,-5.49683095217954,0.08
457289,-5.25089907539916,0.08
457290,-5.35875441430656,0.08
457291,-5.40278874593583,0.08
457292,-5.40580071441219,0.08
457293,-5.48002028509833,0.08
457294,-5.38853973841964,0.08
457295,-5.4678621099856,0.08
457296,-5.45837464724922,0.08
457297,-5.51098148216284,0.08
457298,-5.42701758008411,0.08
457299,-5.46388019656037,0.08
457300,-5.33846314678657,0.08
457301,-5.52216767453717,0.08
457302,-5.41894847046,0.08
457303,-5.1972525848299,0.08
457304,-5.31159496815957,0.08
457305,-5.33140353943033,0.08
457306,-5.61690098017413,0.08
457307,-5.74539734957961,0.08
457308,-5.57621377228523,0.08
457309,-5.44756432313924,0.08
457310,-5.3387992113607,0.08
457311,-5.43233469484964,0.08
457312,-5.45848085574591,0.08
457313,-5.71410234697918,0.08
457314,-5.51036635634854,0.08
457315,-5.24477274652241,0.08
457316,-5.18119994232524,0.08
457317,-5.25839122877524,0.08
457318,-5.1073574269226,0.08
457319,-5.24690752940283,0.08
457320,-5.35088478052327,0.08
457321,-5.20205077226849,0.08
457322,-5.21319397465848,0.08
457323,-5.06979085437393,0.08
457324,-5.419092404892,0.08
457325,-5.33368818872065,0.08
457326,-5.1844636233312,0.08
457327,-5.22502597046298,0.08
457328,-5.41582602904086,0.08
457329,-5.44674802262131,0.08
457330,-5.22383186354706,0.08
457331,-5.14415953937032,0.08
457332,-5.04365229819624,0.08
457333,-5.23615862765637,0.08
457334,-5.20118591208168,0.08
457335,-5.22991078209369,0.08
457336,-5.08025074537333,0.08
457337,-5.01654470560881,0.08
457338,-4.94673295017443,0.08
457339,-4.99100761247183,0.08
457340,-5.0727312417954,0.08
457341,-5.09931115750684,0.08
457342,-5.32038871650405,0.08
457343,-5.27395458559998,0.08
457344,-5.3280767123282,0.08
457345,-5.2217824417438,0.08
457346,-5.13297063910966,0.08
457347,-4.88082991915956,0.08
457348,-5.19524095976762,0.08
457349,-5.64695342326993,0.08
457350,-5.53521276145961,0.08
457351,-5.50011828690172,0.08
457352,-5.62280396374503,0.08
457353,-5.37845325100903,0.08
457354,-5.40873930596333,0.08
457355,-5.53004426038076,0.08
457356,-5.69566196961786,0.08
457357,-5.67479004944143,0.08
457358,-5.70995656375826,0.08
457359,-6.04580420185788,0.08
457360,-5.88077544402621,0.08
457361,-5.78691549388597,0.08
457362,-5.9148755394555,0.08
457363,-5.84434975586661,0.08
457364,-5.93249164774311,0.08
457365,-5.6480500387152,0.08
457366,-5.60578963140396,0.08
457367,-5.71500041135523,0.08
457368,-5.77786818248792,0.08
457369,-5.78107934235228,0.08
457370,-5.626329961764,0.08
457371,-5.6772220260971,0.08
457372,-5.75781847798403,0.08
457373,-5.64459316549247,0.08
457374,-5.78088054832074,0.08
457375,-5.72953076745628,0.08
457376,-5.76989577598628,0.08
457377,-5.80745100501759,0.08
457378,-6.07612094676193,0.08
457379,-5.93469281211902,0.08
457380,-6.03163482587439,0.08
457381,-6.08002349915256,0.08
457382,-6.10096200069053,0.08
457383,-6.1489828125135,0.08
457384,-6.26109445822619,0.08
457385,-6.34880207383794,0.08
457386,-6.33922090368126,0.08
457387,-6.25106231471743,0.08
457388,-6.12761182217688,0.08
457389,-6.27758106580964,0.08
457390,-6.03142116510446,0.08
457391,-5.93486531846425,0.08
457392,-5.4244873557852,0.08
457393,-5.91970952462431,0.08
457394,-6.01866723438477,0.08
457395,-5.95840417697625,0.08
457396,-6.25653307895558,0.08
457397,-5.83639296338107,0.08
457398,-5.6778748802637,0.08
457399,-5.63813239140097,0.08
457400,-5.49534361726349,0.08
457401,-5.35182241278568,0.08
457402,-5.30734134525766,0.08
457403,-5.26887433212719,0.08
457404,-5.14016846845206,0.08
457405,-4.94597219673651,0.08
457406,-4.94029677827141,0.08
457407,-5.08522450796252,0.08
457408,-5.19780183768504,0.08
457409,-5.10492205241238,0.08
457410,-4.65242130516849,0.08
457411,-4.38675062106658,0.08
457412,-4.29309193655626,0.08
457413,-4.13168089678844,0.08
457414,-4.17820122508909,0.08
457415,-4.09182530526116,0.08
457416,-3.97422082207594,0.08
457417,-3.79364744407621,0.08
457418,-3.89499092954567,0.08
457419,-3.85665224397522,0.08
457420,-3.69693828832429,0.08
457421,-3.64563735592961,0.08
457422,-3.64499465967168,0.08
457423,-3.8203486218994,0.08
457424,-3.87143792789568,0.08
457425,-3.8806480026474,0.08
457426,-3.96883909861679,0.08
457427,-3.96443011048154,0.08
457428,-4.17442462133274,0.08
457429,-4.02332849658893,0.08
457430,-4.4997520471824,0.08
457431,-4.59759029013929,0.08
457432,-4.47017948737337,0.08
457433,-4.3559135468893,0.08
457434,-4.35533418701356,0.08
457435,-4.28279158680709,0.08
457436,-4.08365684789176,0.08
457437,-4.18039831127184,0.08
457438,-4.32025248195225,0.08
457439,-4.25288274535648,0.08
457440,-4.00907163784456,0.08
457441,-3.99632113969356,0.08
457442,-3.89145160348168,0.08
457443,-3.7541888246286,0.08
457444,-3.68974955247718,0.08
457445,-3.56760923119359,0.08
457446,-3.6449866046449,0.08
457447,-3.53328531146866,0.08
457448,-3.4719805379396,0.08
457449,-3.16,0.08
457450,-3.49043855779105,0.08
457451,-3.31,0.08
457452,-3.4629595787651,0.08
457453,-3.28835926303918,0.08
457454,-3.29212937671509,0.08
457455,-3.39551908521209,0.08
457456,-3.38465550416128,0.08
457457,-3.26751947712736,0.08
457458,-3.35338802685261,0.08
457459,-3.447817928886,0.08
457460,-3.69593558056228,0.08
457461,-3.29878368208051,0.08
457462,-3.40031059731349,0.08
457463,-3.34078459858036,0.08
457464,-3.64504953837546,0.08
457465,-3.53818116694784,0.08
457466,-3.60166584111493,0.08
457467,-3.65436729130201,0.08
457468,-3.40149389935312,0.08
457469,-3.30701734675569,0.08
457470,-3.43762461835838,0.08
457471,-3.41265603985759,0.08
457472,-3.61965411916689,0.08
457473,-3.58951123814583,0.08
457474,-3.3172833146797,0.08
457475,-3.20595182176587,0.08
457476,-3.34659969582526,0.08
457477,-3.23852602463236,0.08
457478,-3.58135565089604,0.08
457479,-3.37580650877623,0.08
457480,-3.64232808673244,0.08
457481,-3.59658512549553,0.08
457482,-3.4061311813777,0.08
457483,-3.2246166211918,0.08
457484,-3.27548523500909,0.08
457485,-3.32407886258341,0.08
457486,-3.59233118817293,0.08
457487,-3.49943684813253,0.08
457488,-3.26205148186497,0.08
457489,-3.61312081483387,0.08
457490,-3.26593969053895,0.08
457491,-3.41741579169104,0.08
457492,-3.34602539409579,0.08
457493,-3.28649709062247,0.08
457494,-3.22224224626642,0.08
457495,-3.25376114148521,0.08
457496,-3.27819284477314,0.08
457497,-3.23320299827327,0.08
457498,-4.09733244996224,0.08
457499,-4.38335745040323,0.08
457500,-4.38353216388573,0.08
457501,-4.45062216096845,0.08
457502,-4.40260091409178,0.08
457503,-4.3317171260185,0.08
457504,-4.23884944605028,0.08
457505,-4.13909303117569,0.08
457506,-4.0776237844572,0.08
457507,-4.12238055903392,0.08
457508,-4.09925159708477,0.08
457509,-4.07487371474797,0.08
457510,-4.12062226234431,0.08
457511,-4.05547865946366,0.08
457512,-4.00359763613979,0.08
457513,-4.08256819356605,0.08
457514,-4.12777409891367,0.08
457515,-4.15006450245232,0.08
457516,-4.20893626708723,0.08
457517,-4.21351936744902,0.08
457518,-4.18572919579519,0.08
457519,-4.1719384122159,0.08
457520,-4.15439767476172,0.08
457521,-4.15339772414699,0.08
457522,-4.14135667533962,0.08
457523,-4.13573198293243,0.08
457524,-4.14981457439993,0.08
457525,-4.17281320013348,0.08
457526,-4.17743794192594,0.08
457527,-4.19143709159534,0.08
457528,-4.19081215226178,0.08
457529,-4.21293591060937,0.08
457530,-4.2151858193596,0.08
457531,-4.20635306795489,0.08
457532,-4.21731072434944,0.08
457533,-4.21172767337292,0.08
457534,-4.17572976911631,0.08
457535,-4.16160553621815,0.08
457536,-4.17672971973104,0.08
457537,-4.20643635081622,0.08
457538,-4.20443644958677,0.08
457539,-4.21168619087901,0.08
457540,-4.2560586318662,0.08
457541,-4.27030786852475,0.08
457542,-4.24330928139554,0.08
457543,-4.20531139644111,0.08
457544,-4.18368773260345,0.08
457545,-4.14210669790195,0.08
457546,-4.10748367607285,0.08
457547,-4.08244334874242,0.08
457548,-4.06727752379886,0.08
457549,-4.05057009176835,0.08
457550,-4.06919398323022,0.08
457551,-4.11119159117517,0.08
457552,-4.16514680612941,0.08
457553,-4.2081028027268,0.08
457554,-4.26476630004215,0.08
457555,-4.3050556557091,0.08
457556,-4.2845152253475,0.08
457557,-4.21651906035644,0.08
457558,-4.17731301763393,0.08
457559,-4.15018950621271,0.08
457560,-4.0837349483086,0.08
457561,-4.04776316400446,0.08
457562,-4.10802037767028,0.08
457563,-4.1585613938567,0.08
457564,-2.67341485781154,0.08
457565,-2.67429346487741,0.08
457566,-2.77316987651349,0.08
457567,-3.27228356646313,0.08
457568,-3.19595282476308,0.08
457569,-3.74170233413886,0.08
457570,-3.47497299040178,0.08
457571,-3.56044963338708,0.08
457572,-3.31452685423791,0.08
457573,-3.65677953890119,0.08
457574,-2.86253891123147,0.08
457575,-2.73764962652588,0.08
457576,-3.34361993964325,0.08
507791,-3.068342036773038,0.1
507792,-3.029518214976833,0.1
507793,-2.950755728657807,0.1
507794,-3.027955466887931,0.1
507795,-3.191592035580723,0.1
507796,-2.956021773422633,0.1
507797,-4.066833150008023,0.1
507798,-3.103001456254096,0.1
507799,-2.878515191904528,0.1
507800,-2.881193169836407,0.1
507801,-3.018268451595703,0.1
507802,-2.72017021218212,0.1
507803,-2.781622216322011,0.1
507804,-3.361507440071251,0.1
507805,-2.996985475150328,0.1
507806,-3.0680985319784,0.1
507807,-3.824664548104026,0.1
507808,-3.093609984362326,0.1
507809,-2.981007506927186,0.1
507810,-3.006582626266821,0.1
507811,-3.271853227647378,0.1
507812,-3.426354427338964,0.1
507813,-3.054542626489352,0.1
507814,-3.031940434121579,0.1
507815,-3.002123673758851,0.1
507816,-3.070020603821193,0.1
507817,-2.997370257083917,0.1
507818,-2.962121471319108,0.1
507819,-3.118954185272453,0.1
507820,-3.099170481563318,0.1
507821,-3.185813245418015,0.1
507822,-3.394322241482107,0.1
507823,-3.179047486056858,0.1
507824,-3.540033296288199,0.1
507825,-3.430775139788792,0.1
507826,-3.136853904696552,0.1
507827,-3.179701590709283,0.1
507828,-3.953411177733413,0.1
507829,-3.224393765753429,0.1
507830,-3.16970713385833,0.1
507831,-3.329922917140169,0.1
507832,-3.431274825679323,0.1
507833,-3.397281889971707,0.1
507834,-3.44135881042311,0.1
507835,-3.410819760773503,0.1
507836,-3.326398263369831,0.1
507837,-3.29217512367517,0.1
507838,-3.275028526847119,0.1
507839,-3.183731218790822,0.1
507840,-3.280796566052504,0.1
507841,-3.203683148259598,0.1
507842,-3.21083308484197,0.1
507843,-3.249911929051859,0.1
507844,-3.188385493254103,0.1
507845,-3.31104522542228,0.1
507846,-3.375821049549683,0.1
507847,-3.184736484118517,0.1
507848,-3.136113031750323,0.1
507849,-3.326154276750331,0.1
507850,-3.152277912966617,0.1
507851,-3.11378265208501,0.1
507852,-3.160195898942741,0.1
507853,-3.070031513209176,0.1
507854,-3.061917479273669,0.1
507855,-3.268396324059029,0.1
507856,-3.325991117676715,0.1
507857,-3.258963521428558,0.1
507858,-3.260206520579634,0.1
507859,-3.32299496182354,0.1
507860,-3.392624681161443,0.1
507861,-3.225979243272999,0.1
507862,-3.315095502344979,0.1
507863,-3.374140580439149,0.1
507864,-3.319575546557018,0.1
507865,-3.233885419885805,0.1
507866,-3.392162477729923,0.1
507867,-3.471071384074839,0.1
507868,-3.357020487739423,0.1
507869,-3.411064350309067,0.1
507870,-3.309083522898255,0.1
507871,-3.332898061461691,0.1
507872,-3.491477434993517,0.1
507873,-3.307780964544686,0.1
507874,-3.41745841788627,0.1
507875,-3.294861051912266,0.1
507876,-3.473414915228088,0.1
507877,-3.138352309316841,0.1
507878,-3.292668421590576,0.1
507879,-3.31537819722701,0.1
507880,-3.414838100119228,0.1
507881,-3.322388554813935,0.1
507882,-3.019954845141189,0.1
507883,-3.176626178121247,0.1
507884,-3.075212936820421,0.1
507885,-3.065277583244417,0.1
507886,-3.340062993154024,0.1
507887,-3.156028553653349,0.1
507888,-3.186669265872039,0.1
507889,-3.110809059855362,0.1
507890,-3.04903029264692,0.1
507891,-3.20650657839992,0.1
507892,-3.165903810813188,0.1
507893,-3.338916799999434,0.1
507894,-3.196402516356255,0.1
507895,-3.252837969106046,0.1
507896,-3.18,0.1
507897,-3.26,0.1
507898,-3.15,0.1
507899,-3.04,0.1
507900,-3.23,0.1
507901,-3.28,0.1
507902,-3.25,0.1
507903,-3.19,0.1
507904,-3.25,0.1
507905,-3.05,0.1
507906,-3.58,0.1
507907,-3.43,0.1
507908,-3.36,0.1
507909,-3.45,0.1
507910,-3.33,0.1
507911,-3.54,0.1
507912,-3.34,0.1
507913,-3.24,0.1
507914,-3.35,0.1
507915,-3.43,0.1
507916,-3.37,0.1
507917,-3.51,0.1
507918,-3.46,0.1
507919,-3.36,0.1
507920,-3.35,0.1
507921,-3.34,0.1
507922,-3.25,0.1
507923,-3.26,0.1
507924,-3.28,0.1
507925,-3.24,0.1
507926,-3.17,0.1
507927,-3.41,0.1
507928,-3.28,0.1
507929,-3.27,0.1
507930,-3.18,0.1
507931,-3.1,0.1
507932,-3.08,0.1
507933,-3.06,0.1
507934,-3.04,0.1
507935,-3.04,0.1
507936,-3.09,0.1
507937,-3.11,0.1
507938,-3.28,0.1
507939,-3.31,0.1
507940,-3.52,0.1
507941,-3.63,0.1
507942,-3.71,0.1
507943,-3.56,0.1
507944,-3.58,0.1
507945,-3.65,0.1
507946,-3.62,0.1
507947,-3.76,0.1
507948,-3.85,0.1
507949,-3.55,0.1
507950,-3.77,0.1
507951,-3.83,0.1
507952,-3.77,0.1
507953,-3.89,0.1
507954,-3.9,0.1
507955,-3.81,0.1
507956,-3.98,0.1
507957,-4.39,0.1
507958,-3.92,0.1
507959,-3.89,0.1
507960,-3.75,0.1
507961,-4.12,0.1
507962,-3.76,0.1
507963,-3.75,0.1
507964,-3.85,0.1
507965,-3.72,0.1
507966,-3.6,0.1
507967,-3.6,0.1
507968,-3.62,0.1
507969,-3.52,0.1
507970,-3.67,0.1
507971,-3.55,0.1
507972,-3.53,0.1
507973,-3.64,0.1
507974,-3.62,0.1
507975,-3.69,0.1
507976,-3.55,0.1
507977,-3.54,0.1
507978,-3.51,0.1
507979,-3.6,0.1
507980,-3.57,0.1
507981,-3.54,0.1
507982,-3.74,0.1
507983,-3.74,0.1
507984,-3.76,0.1
507985,-3.75,0.1
507986,-3.69,0.1
507987,-3.86,0.1
507988,-3.84,0.1
507989,-3.9,0.1
507990,-3.86,0.1
507991,-3.83,0.1
507992,-3.84,0.1
507993,-3.84,0.1
507994,-3.87,0.1
507995,-3.76,0.1
507996,-3.98,0.1
507997,-3.91,0.1
507998,-4.04,0.1
507999,-3.89,0.1
508000,-4.04,0.1
508001,-4.0,0.1
508002,-4.15,0.1
508003,-4.12,0.1
508004,-3.99,0.1
508005,-3.83,0.1
508006,-3.73,0.1
508007,-3.55,0.1
508008,-3.33,0.1
508009,-3.35,0.1
508010,-3.34,0.1
508011,-3.27,0.1
508012,-3.28,0.1
508013,-3.11,0.1
508014,-3.15,0.1
508015,-3.22,0.1
508016,-3.33,0.1
508017,-3.33,0.1
508018,-3.37,0.1
508019,-3.32,0.1
508020,-3.67,0.1
508021,-3.37,0.1
508022,-3.21,0.1
508023,-3.15,0.1
508024,-3.15,0.1
508025,-3.14,0.1
508026,-3.08,0.1
508027,-3.13,0.1
508028,-3.1,0.1
508029,-3.01,0.1
508030,-3.09,0.1
508031,-3.07,0.1
508032,-3.14,0.1
508033,-3.09,0.1
508034,-3.12,0.1
508035,-3.21,0.1
508036,-3.17,0.1
508037,-3.12,0.1
508038,-3.3,0.1
508039,-3.14,0.1
508040,-3.04,0.1
508041,-3.31,0.1
508042,-3.08,0.1
508043,-3.09,0.1
508044,-3.14,0.1
508045,-3.14,0.1
508046,-3.11,0.1
508047,-3.05,0.1
508048,-3.13,0.1
508049,-3.06,0.1
508050,-3.13,0.1
508051,-3.2,0.1
508052,-3.19,0.1
508053,-3.09,0.1
508054,-3.15,0.1
508055,-3.24,0.1
508056,-3.29,0.1
508057,-3.16,0.1
508058,-3.13,0.1
508059,-3.1,0.1
508060,-3.11,0.1
508061,-3.17,0.1
508062,-3.12,0.1
508063,-3.26,0.1
508064,-3.18,0.1
508065,-3.08,0.1
508066,-3.07,0.1
508067,-3.04,0.1
508068,-3.07,0.1
508069,-3.28,0.1
508070,-3.22,0.1
508071,-3.16,0.1
508072,-3.26,0.1
508073,-3.15,0.1
508074,-3.12,0.1
508075,-3.32,0.1
508076,-3.22,0.1
508077,-3.25,0.1
508078,-3.24,0.1
508079,-3.4,0.1
508080,-3.3,0.1
508081,-3.22,0.1
508082,-3.24,0.1
508083,-3.12,0.1
508084,-3.35,0.1
508085,-3.36,0.1
508086,-3.26,0.1
508087,-3.29,0.1
508088,-3.3,0.1
508089,-3.22,0.1
508090,-3.23,0.1
508091,-3.16,0.1
508092,-3.31,0.1
508093,-3.18,0.1
508094,-3.2,0.1
508095,-3.19,0.1
508096,-3.18,0.1
508097,-3.3,0.1
508098,-3.3,0.1
508099,-3.27,0.1
508100,-3.28,0.1
508101,-3.23,0.1
508102,-3.16,0.1
508103,-3.1,0.1
508104,-3.18,0.1
508105,-3.28,0.1
508106,-3.15,0.1
508107,-3.23,0.1
508108,-3.13,0.1
508109,-3.21,0.1
508110,-3.26,0.1
508111,-3.31,0.1
508112,-3.14,0.1
508113,-3.25,0.1
508114,-3.26,0.1
508115,-3.19,0.1
508116,-3.29,0.1
508117,-3.36,0.1
508118,-3.0,0.1
508119,-3.2,0.1
508120,-2.9,0.1
508121,-3.03,0.1
508122,-2.86,0.1
508123,-3.09,0.1
508124,-2.94,0.1
508125,-2.87,0.1
508126,-2.94,0.1
508127,-2.85,0.1
508128,-2.78,0.1
508129,-2.74,0.1
508130,-2.73,0.1
508131,-2.75,0.1
508132,-2.58,0.1
508133,-2.76,0.1
508134,-2.55,0.1
508135,-2.58,0.1
508136,-2.53,0.1
508137,-2.55,0.1
508138,-2.6,0.1
508139,-2.62,0.1
508140,-2.71,0.1
508141,-2.52,0.1
508142,-2.54,0.1
508143,-2.57,0.1
508144,-2.68,0.1
508145,-2.59,0.1
508146,-2.49,0.1
508147,-2.53,0.1
508148,-2.65,0.1
508149,-2.55,0.1
508150,-2.72,0.1
508151,-2.64,0.1
508152,-2.55,0.1
508153,-2.52,0.1
508154,-2.69,0.1
508155,-2.52,0.1
508156,-2.67,0.1
508157,-2.6,0.1
508158,-2.56,0.1
508159,-2.4,0.1
508160,-2.67,0.1
508161,-2.63,0.1
508162,-2.49,0.1
508163,-2.59,0.1
508164,-2.6,0.1
508165,-2.48,0.1
508166,-2.46,0.1
508167,-2.47,0.1
508168,-2.64,0.1
508169,-2.49,0.1
508170,-2.41,0.1
508171,-2.33,0.1
508172,-2.6,0.1
508173,-2.67,0.1
508174,-2.5,0.1
508175,-2.43,0.1
508176,-2.47,0.1
508177,-2.57,0.1
508178,-2.5,0.1
508179,-2.48,0.1
508180,-2.48,0.1
508181,-2.55,0.1
508182,-2.41,0.1
508183,-2.46,0.1
508184,-2.59,0.1
508185,-2.52,0.1
508186,-2.55,0.1
508187,-2.36,0.1
508188,-2.45,0.1
508189,-2.46,0.1
508190,-2.38,0.1
508191,-2.45,0.1
508192,-2.31,0.1
508193,-2.4,0.1
508194,-2.39,0.1
508195,-2.33,0.1
508196,-2.32,0.1
508197,-2.57,0.1
508198,-2.52,0.1
508199,-2.49,0.1
508200,-2.49,0.1
508201,-2.55,0.1
508202,-2.52,0.1
508203,-2.42,0.1
508204,-2.63,0.1
508205,-2.59,0.1
508206,-2.73,0.1
508207,-2.37,0.1
508208,-2.62,0.1
508209,-1.99,0.1
508210,-2.5,0.1
508211,-2.31,0.1
508212,-2.37,0.1
508213,-2.4,0.1
508214,-2.35,0.1
508215,-2.3,0.1
508216,-2.39,0.1
508217,-2.42,0.1
508218,-2.41,0.1
508219,-2.41,0.1
508220,-2.37,0.1
508221,-2.44,0.1
508222,-2.35,0.1
508223,-2.41,0.1
508224,-2.33,0.1
508225,-2.33,0.1
508226,-2.33,0.1
508227,-2.55,0.1
508228,-2.42,0.1
508229,-2.42,0.1
508230,-2.36,0.1
508231,-2.4,0.1
508232,-2.38,0.1
508233,-2.27,0.1
508234,-2.32,0.1
508235,-2.42,0.1
508236,-2.41,0.1
508237,-2.41,0.1
508238,-2.27,0.1
508239,-2.31,0.1
508240,-2.32,0.1
508241,-2.43,0.1
508242,-2.42,0.1
508243,-2.49,0.1
508244,-2.34,0.1
508245,-2.38,0.1
508246,-2.27,0.1
508247,-2.29,0.1
508248,-2.55,0.1
508249,-2.41,0.1
508250,-2.42,0.1
508251,-2.27,0.1
508252,-2.32,0.1
508253,-2.51,0.1
508254,-2.32,0.1
508255,-2.45,0.1
508256,-2.41,0.1
508257,-2.22,0.1
508258,-2.39,0.1
508259,-2.4,0.1
508260,-2.4,0.1
508261,-2.39,0.1
508262,-2.280159828539222,0.1
508263,-2.243721401851682,0.1
508264,-2.237901157505217,0.1
508265,-2.185014591910374,0.1
508266,-2.270038231044428,0.1
508267,-2.347470310071879,0.1
508268,-2.242202993300891,0.1
508269,-2.258904039417544,0.1
508270,-2.114920683132832,0.1
508271,-2.181724867599444,0.1
508272,-2.164264617207396,0.1
508273,-2.203739860996516,0.1
508274,-2.146298552396648,0.1
508275,-2.182736979084188,0.1
508276,-2.189063037849352,0.1
508277,-2.069878102206597,0.1
508278,-2.034705176860498,0.1
508279,-2.050647018701755,0.1
508280,-2.092146485460365,0.1
508281,-2.115173590342182,0.1
508282,-2.180459366258003,0.1
508283,-2.237141953229822,0.1
508284,-2.175398326186934,0.1
508285,-2.209306715486285,0.1
508286,-2.152371703952463,0.1
508287,-2.189569334915398,0.1
508288,-2.156926446957487,0.1
508289,-2.286992184370431,0.1
508290,-2.365436374882626,0.1
508291,-2.362400040428391,0.1
508292,-2.317610366711506,0.1
508293,-2.304705341971829,0.1
508294,-2.36644848636737,0.1
508295,-2.253083795071079,0.1
508296,-2.151106202611023,0.1
508297,-2.270797435319824,0.1
508298,-2.166541747386235,0.1
508299,-2.291800317232151,0.1
508300,-2.047863591456871,0.1
508301,-2.196907505165306,0.1
508302,-2.09442409828655,0.1
508303,-2.12757280066316,0.1
508304,-2.025595690850449,0.1
508305,-1.979287849906446,0.1
508306,-2.125042280627625,0.1
508307,-2.151612499677068,0.1
508308,-1.993711524520587,0.1
508309,-2.078228866588597,0.1
508310,-2.001555991836541,0.1
508311,-2.031921266968267,0.1
508312,-2.194630374986468,0.1
508313,-2.317104552292807,0.1
508314,-2.507395508197849,0.1
508315,-2.307489251864059,0.1
508316,-2.610638119352001,0.1
508317,-2.322418499573226,0.1
508318,-2.554714736655577,0.1
508319,-2.680985417986238,0.1
508320,-2.732100667820942,0.1
508321,-2.632400205539724,0.1
508322,-2.432999763624633,0.1
