dating_id,entity_id,date_type,depth_dating,dating_thickness,lab_num,material_dated,min_weight,max_weight,uncorr_age,uncorr_age_uncert_pos,uncorr_age_uncert_neg,14C_correction,calib_used,date_used,238U_content,238U_uncertainty,232Th_content,232Th_uncertainty,230Th_content,230Th_uncertainty,230Th_232Th_ratio,230Th_232Th_ratio_uncertainty,230Th_238U_activity,230Th_238U_activity_uncertainty,234U_238U_activity,234U_238U_activity_uncertainty,ini_230Th_232Th_ratio,ini_230Th_232Th_ratio_uncertainty,decay_constant,corr_age,corr_age_uncert_pos,corr_age_uncert_neg,date_used_lin_interp,date_used_lin_reg,date_used_Bchron,date_used_Bacon,date_used_OxCal,date_used_copRa,date_used_StalAge
14072,803,MC-ICP-MS U/Th,776.0,5.0,AGAEL-67,calcite,100.0,500.0,,,,,,yes,194.0,,,,,,,,,,,,,,Cheng et al. 2013,122139.550693121,652.693301333617,652.693301333617,yes,yes,,yes,,yes,yes
14073,803,MC-ICP-MS U/Th,779.0,5.0,GAEL-779,calcite,100.0,500.0,,,,,,yes,203.0,,,,,,,,,,,,,,Cheng et al. 2013,121259.751070464,537.540254095965,537.540254095965,yes,yes,,yes,,yes,yes
14074,803,MC-ICP-MS U/Th,785.0,5.0,AGAEL-59,calcite,100.0,500.0,,,,,,yes,256.0,,,,,,,,,,,,,,Cheng et al. 2013,118424.971978929,2098.3394231378,2098.3394231378,yes,yes,,yes,,yes,yes
14075,803,MC-ICP-MS U/Th,792.0,5.0,AGAEL-52,calcite,100.0,500.0,,,,,,yes,235.0,,,,,,,,,,,,,,Cheng et al. 2013,125805.272356734,995.369946449478,995.369946449478,yes,yes,,yes,,yes,yes
14076,803,MC-ICP-MS U/Th,796.0,5.0,GAEL-796,calcite,100.0,500.0,,,,,,yes,255.0,,,,,,,,,,,,,,Cheng et al. 2013,128343.332917613,674.410456974655,674.410456974655,yes,yes,,yes,,yes,yes
14077,803,MC-ICP-MS U/Th,803.0,5.0,AGAE-40,calcite,100.0,500.0,,,,,,yes,293.0,,,,,,,,,,,,,,Cheng et al. 2013,129073.29148048,643.44050823197,643.44050823197,yes,yes,,yes,,yes,yes
14078,803,MC-ICP-MS U/Th,811.0,5.0,AGAE-30,calcite,100.0,500.0,,,,,,yes,221.0,,,,,,,,,,,,,,Cheng et al. 2013,129362.845785757,629.163378089334,629.163378089334,yes,yes,,yes,,yes,yes
14079,803,MC-ICP-MS U/Th,821.0,5.0,AGAE-20,calcite,100.0,500.0,,,,,,yes,240.0,,,,,,,,,,,,,,Cheng et al. 2013,133035.228616028,786.08176769812,786.08176769812,yes,yes,,yes,,yes,yes
14080,803,MC-ICP-MS U/Th,833.0,5.0,AGAE-10,calcite,100.0,500.0,,,,,,yes,326.0,,,,,,,,,,,,,,Cheng et al. 2013,140519.566978081,797.33257882418,797.33257882418,yes,yes,,yes,,yes,yes
14081,804,MC-ICP-MS U/Th,8.0,5.0,Gae-1,calcite,100.0,500.0,73388.6989923171,638.974230678649,638.974230678649,,,yes,299.035483787501,0.823829781208591,668.515907338881,3.07116017144699,,,196831393.331125,357377.491073223,0.45144404009643,0.0020833582875366,1.07135196640478,0.00327066413783359,0.816,0.408,Cheng et al. 2013,73257.3617946715,639.250253288321,639.250253288321,yes,,yes,yes,,yes,yes
14082,804,MC-ICP-MS U/Th,43.0,5.0,GAE4,calcite,100.0,500.0,74204.7096818744,296.946503398639,296.946503398639,,,yes,446.329404225122,0.605412281437907,141.740456892109,2.86555377049822,,,1382828852.36498,8627673.99046124,0.450533716860292,0.000922086679394677,1.07942233121481,0.00153841249042303,0.816,0.408,Cheng et al. 2013,74134.3676496422,296.9863997752,296.9863997752,yes,,yes,yes,,yes,yes
14083,804,MC-ICP-MS U/Th,84.0,5.0,GAE8,calcite,100.0,500.0,76065.4426471407,248.673223792609,248.673223792609,,,yes,470.441205120634,0.528765257016277,129.178209008995,2.61533493118355,,,1591725531.23033,9932641.40364508,0.448407248169146,0.000719172659597618,1.09723044104515,0.00125171183142775,0.816,0.408,Cheng et al. 2013,75996.2559665815,248.719825187657,248.719825187657,yes,,yes,yes,,yes,yes
14084,804,MC-ICP-MS U/Th,151.0,5.0,gae15,calcite,100.0,500.0,75877.7664745792,243.491248353901,243.491248353901,,,yes,418.076774370281,0.443958621130587,246.481693486762,4.95111650421824,,,756267888.811499,4683528.50574585,0.457430190387523,0.00074335969665477,1.07952474025778,0.00122150987534372,0.816,0.408,Cheng et al. 2013,75798.6336228925,243.789433236617,243.789433236617,yes,,yes,yes,,yes,yes
14085,804,MC-ICP-MS U/Th,241.0,5.0,GAE 24d,calcite,100.0,500.0,77221.5509284285,740.957889395437,740.957889395437,,,yes,936.360331222382,3.28732295856303,224.619084317945,2.66029764426376,,,1884820961.49884,7255697.18794741,0.463867862948583,0.00247829471165708,1.07785777222789,0.00309163154084151,0.816,0.408,Cheng et al. 2013,77153.8217187937,740.881366179834,740.881366179834,yes,,yes,yes,,yes,yes
14086,804,MC-ICP-MS U/Th,241.0,5.0,gae24,calcite,100.0,500.0,78061.7505433662,284.165605457789,284.165605457789,,,yes,665.481342226952,0.927829272935018,151.206793266384,3.04542221400001,,,1995907386.2179,12400055.0010869,0.465260669292513,0.000917980729668295,1.08143850503817,0.00121058179513853,0.816,0.408,Cheng et al. 2013,77994.2870430237,284.181138058438,284.181138058438,yes,,yes,yes,,yes,yes
14087,804,MC-ICP-MS U/Th,280.0,5.0,gae28,calcite,100.0,500.0,78403.1060550387,312.445659317093,312.445659317093,,,yes,486.39751824434,0.70891207903499,251.809541995074,5.05826646112364,,,882514284.023435,5467440.93142536,0.468730390933903,0.000928570735653269,1.07773575511401,0.00150545087535148,0.816,0.408,Cheng et al. 2013,78326.316703529,312.584052095096,312.584052095096,yes,,yes,yes,,yes,yes
14088,804,MC-ICP-MS U/Th,320.0,5.0,gae32,calcite,100.0,500.0,80124.1480747839,272.147338834891,272.147338834891,,,yes,423.284777400761,0.448517676486181,156.982912458817,3.16527061171833,,,1264500878.20112,7864666.2038577,0.481126639174056,0.00084273098776362,1.06817159800512,0.0012130701999418,0.816,0.408,Cheng et al. 2013,80052.2385690896,272.22800419953,272.22800419953,yes,,yes,yes,,yes,yes
14089,804,MC-ICP-MS U/Th,356.0,5.0,gae36,calcite,100.0,500.0,80467.7764922893,299.261384650086,299.261384650086,,,yes,392.373940328609,0.479389413366161,279.538291701064,5.61097893333701,,,662681000.514433,4102961.28026285,0.484357698292663,0.00089405192171032,1.06496805914573,0.0013984476936849,0.816,0.408,Cheng et al. 2013,80385.0936344971,299.582738711052,299.582738711052,yes,,yes,yes,,yes,yes
14090,804,MC-ICP-MS U/Th,420.0,5.0,GAE 41d,calcite,100.0,500.0,81475.73848976,821.644418003217,821.644418003217,,,yes,399.792062291173,1.24173054049108,218.432205224584,2.62168039323981,,,861738768.672801,3370671.50029781,0.483035079226555,0.00251726226261393,1.07416044936437,0.00348603763939205,0.816,0.408,Cheng et al. 2013,81398.2012627139,821.478486289901,821.478486289901,yes,,yes,yes,,yes,yes
14091,804,MC-ICP-MS U/Th,420.0,5.0,gae41.5,calcite,100.0,500.0,82186.5839223423,275.855844538396,275.855844538396,,,yes,309.467783854719,0.32116056282673,162.771612471099,3.27570158330329,,,896468269.142107,5562009.65002907,0.483747439740985,0.000777179634440588,1.07769910975125,0.0012620482247884,0.816,0.408,Cheng et al. 2013,82109.5020367817,276.045331548093,276.045331548093,yes,,yes,yes,,yes,yes
14092,804,MC-ICP-MS U/Th,435.0,5.0,gae43,calcite,100.0,500.0,82524.9443920737,289.573703645893,289.573703645893,,,yes,297.629841967805,0.275275023419352,158.115179683994,3.18526807986198,,,889415926.047807,5530590.9161243,0.484755260168138,0.000886586153719632,1.07822078777316,0.00116974985199235,0.816,0.408,Cheng et al. 2013,82447.6773227636,289.758580155236,289.758580155236,yes,,yes,yes,,yes,yes
14093,804,MC-ICP-MS U/Th,448.0,5.0,gae44.5,calcite,100.0,500.0,83454.7862852635,348.841220077021,348.841220077021,,,yes,427.026589256674,0.591017481880588,179.282681866494,3.60931474831785,,,1133537051.00561,7040902.68355936,0.488247107464795,0.000982445446404573,1.07838567011433,0.00153509573117571,0.816,0.408,Cheng et al. 2013,83381.1079449969,348.900713955235,348.900713955235,yes,,yes,yes,,yes,yes
14094,804,MC-ICP-MS U/Th,460.0,5.0,gae46,calcite,100.0,500.0,85004.838835987,297.745155314922,297.745155314922,,,yes,471.488786405692,0.50435707291492,396.593028261692,7.95838388767019,,,576009728.693606,3563735.38378438,0.497077450685369,0.000814616393843815,1.07354301914839,0.001312316838599,0.816,0.408,Cheng et al. 2013,84917.7162490624,298.235111038604,298.235111038604,yes,,yes,yes,,yes,yes
14095,804,MC-ICP-MS U/Th,495.0,5.0,gae49,calcite,100.0,500.0,84897.3975335487,307.849140958381,307.849140958381,,,yes,751.948871510818,0.917766645446089,117.523933802268,2.39735310334417,,,3105617753.4103,19537800.2884711,0.497973858981695,0.000908071794051827,1.07137267494183,0.00124800914235251,0.816,0.408,Cheng et al. 2013,84832.2781963279,307.847414921645,307.847414921645,yes,,yes,yes,,yes,yes
14096,804,MC-ICP-MS U/Th,540.0,5.0,gae53.5,calcite,100.0,500.0,85883.4518370387,350.385930978936,350.385930978936,,,yes,613.375673099275,0.880715551369909,463.836668831884,9.3020894010737,,,640446267.426807,3962510.45384758,0.496868845728517,0.00100799042451688,1.07938127012968,0.00138827165955726,0.816,0.408,Cheng et al. 2013,85798.8476115583,350.683857897623,350.683857897623,yes,,yes,yes,,yes,yes
14097,804,MC-ICP-MS U/Th,570.0,5.0,GAE56,calcite,100.0,500.0,86597.6592472986,371.213460838869,371.213460838869,,,yes,533.362031521845,0.76837379008138,294.85849674616,5.92160401591344,,,876492296.744268,5431138.03613339,0.497118803699799,0.00102104001603216,1.08334138010483,0.00150712268515174,0.816,0.408,Cheng et al. 2013,86519.5334875947,371.33059238542,371.33059238542,yes,,yes,yes,,yes,yes
14098,804,MC-ICP-MS U/Th,585.0,5.0,GAE58,calcite,100.0,500.0,87619.8915865184,344.688486363112,344.688486363112,,,yes,431.531190052687,0.549134270468367,489.104790039922,9.80678469915004,,,428724348.990227,2650204.47908149,0.498526686258745,0.000880900401427214,1.08717041489029,0.00145572007675762,0.816,0.408,Cheng et al. 2013,87522.6354602045,345.489111949774,345.489111949774,yes,,yes,yes,,yes,yes
14099,804,MC-ICP-MS U/Th,608.0,5.0,GAE60,calcite,100.0,500.0,90926.9421465644,344.813846515214,344.813846515214,,,yes,383.789882541001,0.479461999654464,244.426202843676,4.91071908056876,,,789901018.866128,4893965.35022131,0.516116151057573,0.00093518354873036,1.07815053106279,0.00127278429973348,0.816,0.408,Cheng et al. 2013,90846.1946440964,345.019020397877,345.019020397877,yes,,yes,yes,,yes,yes
14100,804,MC-ICP-MS U/Th,630.0,5.0,GAE65,calcite,100.0,500.0,95504.5210305899,346.368701485156,346.368701485156,,,yes,461.688884288183,0.503931613335827,898.593917634483,18.0030938536585,,,270853950.925614,1673048.33466441,0.540841199827486,0.000891386764810546,1.06492858327727,0.0012471393952672,0.816,0.408,Cheng et al. 2013,95382.4640200977,348.821232976934,348.821232976934,yes,,yes,yes,,yes,yes
14101,804,MC-ICP-MS U/Th,690.0,5.0,GAE 68,calcite,100.0,500.0,98616.678991436,1453.73228509903,1453.73228509903,,,yes,433.828492864309,2.09349332701236,172.98523429314,2.58464453107589,,,1338778371.32136,6390908.88439392,0.547671556126559,0.00349329017709232,1.0707136037628,0.00509510354328509,0.816,0.408,Cheng et al. 2013,98543.8794290215,1453.47510351841,1453.47510351841,yes,,yes,yes,,yes,yes
14102,804,MC-ICP-MS U/Th,690.0,5.0,gae68.5,calcite,100.0,500.0,97186.9952885957,384.125841837803,384.125841837803,,,yes,368.592697427457,0.420466027217658,140.941244012401,2.84473774461015,,,1394715984.71435,8681820.68490656,0.54713902044839,0.000962768045516967,1.06423086795723,0.00136362063735447,0.816,0.408,Cheng et al. 2013,97114.6969420189,384.15714681832,384.15714681832,yes,,yes,yes,,yes,yes
14103,804,MC-ICP-MS U/Th,720.0,5.0,GAE71.5,calcite,100.0,500.0,100263.895420225,396.15901875303,396.15901875303,,,yes,269.748179819016,0.270136114757827,248.876250561052,5.00414468584694,,,591104263.225744,3664031.64491587,0.559512199861162,0.000877990764752452,1.06139266674247,0.00146981642746607,0.816,0.408,Cheng et al. 2013,100174.511447106,396.533630960723,396.533630960723,yes,,yes,yes,,yes,yes
14104,804,MC-ICP-MS U/Th,750.0,5.0,gae74,calcite,100.0,500.0,102832.115789141,363.896430887086,363.896430887086,,,yes,295.968130575856,0.268535715560799,4744.10706069337,94.9789187203643,,,34704703.7222742,214199.086822827,0.570713846584053,0.000862650512115635,1.05752375140898,0.00120386505198182,0.816,0.408,Cheng et al. 2013,102265.515148957,508.836333414303,508.836333414303,yes,,yes,yes,,yes,yes
14105,804,Event; hiatus,751.0,,,,,,,,,,,yes,,,,,,,,,,,,,,,,,,,yes,,yes,yes,,yes,yes
14106,804,MC-ICP-MS U/Th,780.0,5.0,gae77,calcite,100.0,500.0,121532.924703954,517.46666413344,517.46666413344,,,yes,255.099555717157,0.222730196552388,1570.24562685052,31.4396426106778,,,92597631.9478014,571599.275877545,0.584760874838464,0.000881195100647947,1.11222296621697,0.00124907441684415,0.816,0.408,Cheng et al. 2013,121259.751070464,537.540254095965,537.540254095965,yes,,yes,yes,,yes,yes
14107,804,MC-ICP-MS U/Th,795.0,5.0,gae79,calcite,100.0,500.0,128431.828088581,674.351109080424,674.351109080424,,,yes,203.455905024513,0.192563796137085,174.177105699421,3.51206766337119,,,712243334.28387,4433464.80430253,0.625561050649679,0.0011672961335217,1.08254794407231,0.00149777111938963,0.816,0.408,Cheng et al. 2013,128343.332917613,674.410456974655,674.410456974655,yes,,yes,yes,,yes,yes
14108,804,MC-ICP-MS U/Th,825.0,5.0,gae82,calcite,100.0,500.0,135501.64388106,845.891657993534,845.891657993534,,,yes,276.894219005094,0.374840094734746,272.32399525897,5.47470951195013,,,650904512.22026,4034436.37031129,0.656764757237605,0.00120556250163315,1.06552512322976,0.00195056405056109,0.816,0.408,Cheng et al. 2013,135409.730982851,845.841114379306,845.841114379306,yes,,yes,yes,,yes,yes
14109,805,MC-ICP-MS U/Th,35.0,5.0,glo3.5,calcite,100.0,500.0,80533.1642601764,451.55171485776,451.55171485776,,,yes,870.654100503534,2.20978501492299,51.535252843082,1.09305497529458,,,8621263119.44551,56581242.8303531,0.523540396704999,0.00177051861883023,1.00234470373163,0.00155005629728157,0.816,0.408,Cheng et al. 2013,80471.3392381065,451.54408597754,451.54408597754,yes,,yes,yes,,yes,yes
14110,805,MC-ICP-MS U/Th,55.0,5.0,GLO-5.5,calcite,100.0,500.0,84077.9419705179,287.619055885837,287.619055885837,,,yes,692.950939922287,0.840774443891603,111.936039156245,2.36166492935668,,,3316738785.0493,21571604.7183966,0.54966647944537,0.000956154987691647,1.02041779268966,0.00135165274485255,0.816,0.408,Cheng et al. 2013,84009.2457228547,287.620225192471,287.620225192471,yes,,yes,yes,,yes,yes
14111,805,MC-ICP-MS U/Th,85.0,5.0,GLO-8.5,calcite,100.0,500.0,90774.5988481059,277.598191755904,277.598191755904,,,yes,384.067428843832,0.403637102982684,67.8643969112038,1.48836942140437,,,3154959503.35509,21310104.0984594,0.571937854042549,0.000787438537611834,1.0109368119272,0.00126539729917856,0.816,0.408,Cheng et al. 2013,90705.4007415684,277.604171839723,277.604171839723,yes,,yes,yes,,yes,yes
14112,805,MC-ICP-MS U/Th,115.0,5.0,GLO-11.5,calcite,100.0,500.0,99961.3297009945,331.63460253208,331.63460253208,,,yes,379.194345209824,0.378103261908426,598.430675474148,12.014287845824,,,370270050.306925,2290577.28745134,0.599502663071942,0.000861438170335955,1.00097241356575,0.00126124366364146,0.816,0.408,Cheng et al. 2013,99851.1883426542,333.015898386781,333.015898386781,yes,,yes,yes,,yes,yes
14113,805,MC-ICP-MS U/Th,145.0,5.0,GLO-14.5,calcite,100.0,500.0,104056.831029508,313.951320304664,313.951320304664,,,yes,663.564151033014,0.598907383722823,22.7110511650618,1.07713488292536,,,17099506512.1487,249604081.462292,0.600424539733072,0.000742803949735639,1.02072921485786,0.00111846356555841,0.816,0.408,Cheng et al. 2013,103991.648623347,313.951549601881,313.951549601881,yes,,yes,yes,,yes,yes
14114,805,MC-ICP-MS U/Th,170.0,5.0,GLO-17.0,calcite,100.0,500.0,106931.744676801,332.398511797341,332.398511797341,,,yes,458.12261747232,0.399714035566825,220.066915728458,4.46353575298146,,,1238638001.59998,7736599.57088385,0.610432938777092,0.00071161214538136,1.02035290029941,0.00120010844520037,0.816,0.408,Cheng et al. 2013,106853.204643527,332.488909074104,332.488909074104,yes,,yes,yes,,yes,yes
14115,805,MC-ICP-MS U/Th,200.0,5.0,GLO-20,calcite,100.0,500.0,114651.535764586,549.669468443732,549.669468443732,,,yes,511.552600709752,0.792422672706367,102.179351721311,2.14922402623843,,,2987100353.03969,19352530.0777133,0.612129339281133,0.0010987154064644,1.05144891105613,0.00162324171820264,0.816,0.408,Cheng et al. 2013,114581.092399348,549.645633226138,549.645633226138,yes,,yes,yes,,yes,yes
14116,805,MC-ICP-MS U/Th,210.0,5.0,GLO-21,calcite,100.0,500.0,118409.489194911,516.309665863203,516.309665863203,,,yes,431.178641085896,0.493412390929522,183.523086175389,3.82081254339512,,,1413840357.13697,9072855.31088552,0.617382585257081,0.00102076954367465,1.0589659022517,0.00137995273837826,0.816,0.408,Cheng et al. 2013,118331.794581577,516.314046111593,516.314046111593,yes,,yes,yes,,yes,yes
14117,805,MC-ICP-MS U/Th,240.0,5.0,GLO-24,calcite,100.0,500.0,122296.644513394,481.970585295562,481.970585295562,,,yes,391.749105313212,0.326695107366104,530.398994415384,10.6548497969646,,,453894397.563355,2809798.08458099,0.630478146092719,0.000852810816079413,1.05607869636454,0.00130165063819734,0.816,0.408,Cheng et al. 2013,122190.641690135,482.651399493932,482.651399493932,yes,,yes,yes,,yes,yes
14118,805,MC-ICP-MS U/Th,255.0,5.0,GLO-25.5,calcite,100.0,500.0,123980.600368434,497.768600366965,497.768600366965,,,yes,497.340499558418,0.591075092189916,1213.74210536467,24.3843272471882,,,255352775.336816,1580064.43399865,0.639342699947471,0.000932215031100603,1.05065507706506,0.00125660693163228,0.816,0.408,Cheng et al. 2013,123840.845576449,500.207400022983,500.207400022983,yes,,yes,yes,,yes,yes
14119,805,Event; hiatus,252.5,,,,,,,,,,,yes,,,,,,,,,,,,,,,,,,,yes,,yes,yes,,yes,yes
14120,805,MC-ICP-MS U/Th,270.0,5.0,GLO-27,calcite,100.0,500.0,176323.038003613,1046.12264027567,1046.12264027567,,,yes,239.912268913402,0.271528956372984,44.559655550135,1.29681928679603,,,4347922271.5243,38962933.7807857,0.828498401941272,0.00126168272344092,1.02774841327252,0.00158326902623108,0.816,0.408,Cheng et al. 2013,176254.475835722,1046.09917782077,1046.09917782077,yes,,yes,yes,,yes,yes
14121,805,MC-ICP-MS U/Th,290.0,5.0,GLO-29,calcite,100.0,500.0,184513.851301598,925.634217559185,925.634217559185,,,yes,290.017297598916,0.223822902707395,387.237628858535,7.82664035359869,,,613716271.126515,3821122.26979572,0.840701504965577,0.00101598454099484,1.02491558577388,0.00127683898844556,0.816,0.408,Cheng et al. 2013,184413.122270987,925.641085000527,925.641085000527,yes,,yes,yes,,yes,yes
14122,805,MC-ICP-MS U/Th,305.0,5.0,GLO-30.5,calcite,100.0,500.0,189107.370912825,1059.34515745021,1059.34515745021,,,yes,432.852663597178,0.455370186508213,2289.01013888416,45.8746986263197,,,156758311.781614,967858.612113833,0.850469485945783,0.00120675582941268,1.02674964951858,0.00131368657882586,0.816,0.408,Cheng et al. 2013,188896.643034999,1062.75880523995,1062.75880523995,yes,,yes,yes,,yes,yes
14123,805,MC-ICP-MS U/Th,325.0,5.0,GLO-32.5,calcite,100.0,500.0,195818.261563062,1230.07204230088,1230.07204230088,,,yes,459.083878826471,0.582418603630982,1493.43445722965,29.9605598492505,,,253204977.343555,1564251.41983281,0.845058744266325,0.00124595371794099,1.01076140688552,0.00140528133929638,0.816,0.408,Cheng et al. 2013,195660.80297439,1230.5753344621,1230.5753344621,yes,,yes,yes,,yes,yes
14124,806,MC-ICP-MS U/Th,10.0,4.0,,calcite,,,,,,,,yes,,,,,,,,,,,,,,,Cheng et al. 2013,111670.0,404.0,404.0,yes,yes,,yes,,yes,yes
14125,806,MC-ICP-MS U/Th,40.0,4.0,,calcite,,,,,,,,yes,,,,,,,,,,,,,,,Cheng et al. 2013,116786.0,452.0,452.0,yes,yes,,yes,,yes,yes
14126,806,MC-ICP-MS U/Th,60.0,4.0,,calcite,,,,,,,,yes,,,,,,,,,,,,,,,Cheng et al. 2013,115286.0,444.0,444.0,yes,yes,,yes,,yes,yes
14127,806,MC-ICP-MS U/Th,75.0,4.0,,calcite,,,,,,,,yes,,,,,,,,,,,,,,,Cheng et al. 2013,116616.0,436.0,436.0,yes,yes,,yes,,yes,yes
14128,806,MC-ICP-MS U/Th,105.0,4.0,,calcite,,,,,,,,yes,,,,,,,,,,,,,,,Cheng et al. 2013,117858.0,505.0,505.0,yes,yes,,yes,,yes,yes
14129,806,MC-ICP-MS U/Th,140.0,4.0,,calcite,,,,,,,,yes,,,,,,,,,,,,,,,Cheng et al. 2013,119801.0,459.0,459.0,yes,yes,,yes,,yes,yes
14130,806,MC-ICP-MS U/Th,172.0,4.0,,calcite,,,,,,,,yes,,,,,,,,,,,,,,,Cheng et al. 2013,122435.0,579.0,579.0,yes,yes,,yes,,yes,yes
14131,806,MC-ICP-MS U/Th,185.0,4.0,,calcite,,,,,,,,yes,,,,,,,,,,,,,,,Cheng et al. 2013,129584.0,537.0,537.0,yes,yes,,yes,,yes,yes
14132,806,MC-ICP-MS U/Th,205.0,4.0,,calcite,,,,,,,,yes,,,,,,,,,,,,,,,Cheng et al. 2013,129153.0,553.0,553.0,yes,yes,,yes,,yes,yes
14133,806,MC-ICP-MS U/Th,221.0,4.0,,calcite,,,,,,,,yes,,,,,,,,,,,,,,,Cheng et al. 2013,130339.0,655.0,655.0,yes,yes,,yes,,yes,yes
14134,806,MC-ICP-MS U/Th,238.0,4.0,,calcite,,,,,,,,yes,,,,,,,,,,,,,,,Cheng et al. 2013,132679.0,659.0,659.0,yes,yes,,yes,,yes,yes
14135,806,MC-ICP-MS U/Th,262.5,4.0,,calcite,,,,,,,,yes,,,,,,,,,,,,,,,Cheng et al. 2013,135486.0,792.0,792.0,yes,yes,,yes,,yes,yes
14136,806,MC-ICP-MS U/Th,276.0,4.0,,calcite,,,,,,,,yes,,,,,,,,,,,,,,,Cheng et al. 2013,137553.0,693.0,693.0,yes,yes,,yes,,yes,yes
14137,806,MC-ICP-MS U/Th,326.0,4.0,,calcite,,,,,,,,yes,,,,,,,,,,,,,,,Cheng et al. 2013,138985.0,704.0,704.0,yes,yes,,yes,,yes,yes
14138,806,MC-ICP-MS U/Th,364.0,4.0,,calcite,,,,,,,,yes,,,,,,,,,,,,,,,Cheng et al. 2013,140769.0,597.0,597.0,yes,yes,,yes,,yes,yes
14139,806,MC-ICP-MS U/Th,392.5,4.0,,calcite,,,,,,,,yes,,,,,,,,,,,,,,,Cheng et al. 2013,141812.0,633.0,633.0,yes,yes,,yes,,yes,yes
14140,806,MC-ICP-MS U/Th,412.0,4.0,,calcite,,,,,,,,yes,,,,,,,,,,,,,,,Cheng et al. 2013,142844.0,567.0,567.0,yes,yes,,yes,,yes,yes
14141,806,MC-ICP-MS U/Th,437.5,4.0,,calcite,,,,,,,,yes,,,,,,,,,,,,,,,Cheng et al. 2013,145270.0,859.0,859.0,yes,yes,,yes,,yes,yes
14142,807,MC-ICP-MS U/Th,59.0,5.0,GUL-T,calcite,50.0,300.0,8368.03876669553,52.8584632598055,52.8584632598055,,,unknown,373.668028049485,0.62569244053213,1089.25117608349,21.9546472384498,,,70.7446727167782,1.47934323216715,0.0674777175417269,0.000392417837943772,0.91448636372014,0.00157189024735286,0.816,0.408,Cheng et al. 2013,8206.02538074198,84.3098913297598,84.3098913297598,,,,,no,,
14143,807,MC-ICP-MS U/Th,130.0,5.0,GUL-B,calcite,50.0,300.0,12251.2828667654,84.0795875475528,84.0795875475528,,,unknown,286.706652358086,0.300026354538904,215.45530750879,4.90284329456373,,,404.312131348161,9.5386877793734,0.0994170207532252,0.00062775914607358,0.93660845073862,0.00132514215417049,0.816,0.408,Cheng et al. 2013,12158.8647302637,85.6658936234142,85.6658936234142,,,,,no,,
14144,807,MC-ICP-MS U/Th,4.0,5.0,GUL 0-4,calcite,50.0,300.0,3605.88024346758,46.2148550508885,46.2148550508885,,,unknown,240.480360740686,0.291828610862023,165.592890746121,3.49174859747507,,,130.657196488855,3.19738492156704,0.0294387898326054,0.000367331103707989,0.905535602022804,0.00156996384420274,0.816,0.408,Cheng et al. 2013,3513.72276127879,48.7832596754631,48.7832596754631,,,,,no,,
14145,807,MC-ICP-MS U/Th,66.0,5.0,GUL 6-8,calcite,50.0,300.0,8617.65363149935,47.2064961654687,47.2064961654687,,,unknown,361.97055706176,0.690902354811789,545.487350510654,11.0293959410913,,,141.088421417937,2.91598049842883,0.069570857622565,0.000326142213984111,0.916580279694387,0.00215461140040703,0.816,0.408,Cheng et al. 2013,8499.68317559033,58.0478918253568,58.0478918253568,,,,,no,,
14146,807,MC-ICP-MS U/Th,120.0,5.0,GUL 12-2,calcite,50.0,300.0,10821.1897517401,61.4900738834654,61.4900738834654,,,unknown,254.393794697606,0.410114270939865,203.629663577443,4.26014866727341,,,333.540015816085,7.1469321089079,0.0873588724754826,0.000428374147209025,0.92584148661986,0.00205615567246878,0.816,0.408,Cheng et al. 2013,10725.9551424146,63.9788373717742,63.9788373717742,,,,,no,,
14147,807,MC-ICP-MS U/Th,158.0,5.0,GUL15-8,calcite,50.0,300.0,13373.8606552494,66.7564739847498,66.7564739847498,,,unknown,294.652790658138,0.353539279854647,455.900156322493,9.24055560883123,,,214.273218986952,4.4340437878924,0.108480485774478,0.000470755018357427,0.940959865065173,0.00163119900972425,0.816,0.408,Cheng et al. 2013,13255.8718274171,74.8196952561955,74.8196952561955,,,,,no,,
14148,807,MC-ICP-MS U/Th,216.0,5.0,GUL 21-6,calcite,50.0,300.0,14178.7111255229,63.8119725457158,63.8119725457158,,,unknown,332.234219062835,0.452965547890208,229.163355465605,4.78941490881359,,,497.900770674073,10.5525045556029,0.112374598910204,0.000424229025515381,0.923174393216308,0.00167774515937776,0.816,0.408,Cheng et al. 2013,14086.8786725332,65.613223492497,65.613223492497,,,,,no,,
14149,807,MC-ICP-MS U/Th,242.0,5.0,GUL 24-7,calcite,50.0,300.0,14548.3124060889,64.8379006206927,64.8379006206927,,,unknown,339.6145846432,0.382317244368277,191.091747055756,4.05879475531393,,,625.65304573389,13.4884366403813,0.115189715676038,0.000444895567838566,0.923815367932732,0.00139350448348542,0.816,0.408,Cheng et al. 2013,14460.5113884297,66.0220315362916,66.0220315362916,,,,,no,,
14150,807,MC-ICP-MS U/Th,100.0,5.0,GUL-10,calcite,50.0,300.0,9590.77046454375,66.6403533635932,66.6403533635932,,,unknown,401.130078554989,0.538547186077915,755.748164004658,15.232252787946,,,125.154705647938,2.64200553124815,0.0771549155421975,0.00049522816724564,0.917488362941824,0.00153361312493003,0.816,0.408,Cheng et al. 2013,9459.84127452999,78.9109792439224,78.9109792439224,,,,,no,,
14151,808,MC-ICP-MS U/Th,3.0,5.0,LUNA 3,calcite,100.0,500.0,10368.6059558039,29.305965489005,29.305965489005,,,unknown,1998.73620832115,2.9721151485261,19.4669796669186,2.88904824405837,,,27528.7159552121,4085.79197593563,0.0877312135233027,0.000207844826474838,0.967659836915945,0.00122001225527869,0.816,0.408,Cheng et al. 2013,10299.6059558039,29.305965489005,29.305965489005,,,,,no,,
14152,808,MC-ICP-MS U/Th,24.0,5.0,LUNA 24,calcite,100.0,500.0,11353.616439687,34.9405555025122,34.9405555025122,,,unknown,1038.40957832956,1.14131184330676,60.3660110239751,2.25942370070256,,,5075.82537835755,190.36103659004,0.0965504924306269,0.000251967032105955,0.976654835869079,0.00125190941896376,0.816,0.408,Cheng et al. 2013,11284.616439687,34.9405555025122,34.9405555025122,,,,,no,,
14153,808,MC-ICP-MS U/Th,42.0,5.0,LUNA 42,calcite,100.0,500.0,12378.2738266961,36.9642311273982,36.9642311273982,,,unknown,1270.70352616874,1.39083917179599,96.1958544463817,3.1570027076153,,,4233.56162874987,139.279397531232,0.104867665826782,0.000267052083469015,0.977467618166531,0.00115392364856125,0.816,0.408,Cheng et al. 2013,12309.2738266961,36.9642311273982,36.9642311273982,,,,,no,,
14154,808,MC-ICP-MS U/Th,55.0,5.0,LUNA 56,calcite,100.0,500.0,12918.4057234722,34.0369339229997,34.0369339229997,,,unknown,1523.46107776516,1.98810370938468,82.3960894766414,2.34282715301983,,,6229.1187432473,177.408960434374,0.110236296884878,0.000230629459023198,0.986839940365442,0.0012898122516433,0.816,0.408,Cheng et al. 2013,12849.4057234722,34.0369339229997,34.0369339229997,,,,,no,,
14155,808,MC-ICP-MS U/Th,62.0,5.0,LUNA 62,calcite,100.0,500.0,28280.3885370525,84.7975666268789,84.7975666268789,,,unknown,1148.07122816038,1.55517660615322,110.655961312641,3.13546831107282,,,7263.22733899141,206.176256913216,0.229066866311403,0.000497726786397472,1.00253969065312,0.00142252841773262,0.816,0.408,Cheng et al. 2013,28211.3885370525,84.7975666268789,84.7975666268789,,,,,no,,
14156,808,MC-ICP-MS U/Th,102.0,5.0,LUNA 102,calcite,100.0,500.0,32293.734378574,83.6170156171156,83.6170156171156,,,unknown,1155.74493585962,1.40147023673749,26.859229621502,1.7812908041905,,,33734.1089590339,2237.63186831637,0.256522594127471,0.000447788547550002,1.00072208518419,0.00132131567264495,0.816,0.408,Cheng et al. 2013,32224.734378574,83.6170156171156,83.6170156171156,,,,,no,,
14157,809,ICP-MS U/Th Other,20.0,5.0,GAL2,calcite,100.0,500.0,942.595966738312,32.3748035718144,32.3748035718144,,,unknown,163.205088616133,0.397580319325207,245.756494993064,2.05881263270612,,,19.9494332156574,0.535855226938449,0.00982938656488407,0.000251994545906089,1.09562893040744,0.00342544156677331,0.816,0.408,Cheng et al. 2013,882.595966738312,32.3748035718144,32.3748035718144,,,,,no,,
14158,809,ICP-MS U/Th Other,30.0,5.0,GAL3,calcite,100.0,500.0,1030.92641441187,31.4687662701392,31.4687662701392,,,unknown,163.55493776207,0.366180045123744,63.3667886547605,2.4391964631886,,,82.2237524173742,3.98491512414323,0.0104236513239637,0.000307818238276896,1.09674466876167,0.00330353886699693,0.816,0.408,Cheng et al. 2013,970.926414411866,31.4687662701392,31.4687662701392,,,,,no,,
14159,809,ICP-MS U/Th Other,40.0,5.0,GAL4,calcite,100.0,500.0,1111.10222829264,28.0485995713717,28.0485995713717,,,unknown,162.455074635828,0.429271723062645,34.0982898627197,2.19759551080878,,,162.285400375702,11.1868766543885,0.0111455963979565,0.000274175975165342,1.09380984541018,0.00400964064727028,0.816,0.408,Cheng et al. 2013,1051.10222829264,28.0485995713717,28.0485995713717,,,,,no,,
14160,809,ICP-MS U/Th Other,50.0,5.0,GAL5,calcite,100.0,500.0,1229.86078621085,25.9919152964343,25.9919152964343,,,unknown,163.457085364625,0.630901552669352,21.4784850442173,1.86228733802612,,,286.606308731506,25.4874460525095,0.0123228222966094,0.000248127139680436,1.09551332048801,0.00619361858439205,0.816,0.408,Cheng et al. 2013,1169.86078621085,25.9919152964343,25.9919152964343,,,,,no,,
14161,809,ICP-MS U/Th Other,60.0,5.0,Gal-6,calcite,100.0,500.0,1215.34830103908,34.1937794318893,34.1937794318893,,,unknown,201.678170694219,0.75382482878761,176.607800900489,2.29859978019288,,,43.265726427198,1.22733686847106,0.0123970837187668,0.00031589048979177,1.09749953859757,0.00478613571490021,0.816,0.408,Cheng et al. 2013,1155.34830103908,34.1937794318893,34.1937794318893,,,,,no,,
14162,809,ICP-MS U/Th Other,70.0,5.0,GAL7,calcite,100.0,500.0,1248.44890173308,31.8356472234581,31.8356472234581,,,unknown,172.557561051982,0.719384100320021,24.0357096834629,2.25385769088099,,,271.602266688496,26.2910395136065,0.0123788668297947,0.00030183520568661,1.08405021960556,0.00707612088465062,0.816,0.408,Cheng et al. 2013,1188.44890173308,31.8356472234581,31.8356472234581,,,,,no,,
14163,809,ICP-MS U/Th Other,80.0,5.0,GAL 8,calcite,100.0,500.0,1553.74363464394,35.0757060576879,35.0757060576879,,,unknown,163.098727847754,0.614406857204541,98.0493415090519,1.88790148336514,,,79.661336938928,2.25732969794581,0.0156699006646059,0.000331080889514313,1.0962108794454,0.00504863872981176,0.816,0.408,Cheng et al. 2013,1493.74363464394,35.0757060576879,35.0757060576879,,,,,no,,
14164,809,ICP-MS U/Th Other,100.0,5.0,GAL10,calcite,100.0,500.0,1681.01600164061,37.8578090098282,37.8578090098282,,,unknown,146.373607092035,0.328354105455756,46.3546541946852,1.90744965441591,,,162.622153166212,7.57520769371572,0.0168513547792009,0.000369824067516997,1.09590291645754,0.00290244181485985,0.816,0.408,Cheng et al. 2013,1621.01600164061,37.8578090098282,37.8578090098282,,,,,no,,
14165,809,ICP-MS U/Th Other,110.0,5.0,GAL11,calcite,100.0,500.0,1758.64022800016,38.6533618848868,38.6533618848868,,,unknown,120.824088549865,0.441372057652158,27.4384278722644,1.90295911980053,,,238.63625887005,17.263851360539,0.0177323654529533,0.00037069482613071,1.10440483329818,0.00630887842251032,0.816,0.408,Cheng et al. 2013,1698.64022800016,38.6533618848868,38.6533618848868,,,,,no,,
14166,809,ICP-MS U/Th Other,120.0,5.0,GAL 12,calcite,100.0,500.0,1774.25518912461,48.7248584596114,48.7248584596114,,,unknown,135.707490751623,0.470453725351285,201.027293334945,2.33893574137783,,,37.2905314565578,0.985682487522944,0.0180748342158721,0.000433541192943862,1.0955968970143,0.00499496499956327,0.816,0.408,Cheng et al. 2013,1714.25518912461,48.7248584596114,48.7248584596114,,,,,no,,
14167,809,ICP-MS U/Th Other,150.0,5.0,Gal-15,calcite,100.0,500.0,1971.07383261875,49.7340874181666,49.7340874181666,,,unknown,116.443698471199,0.500067886247196,31.2062713069077,1.90723397336277,,,224.798375885136,14.7595010391722,0.0197125860896063,0.000480414710179497,1.09625054414661,0.00538180747053426,0.816,0.408,Cheng et al. 2013,1911.07383261875,49.7340874181666,49.7340874181666,,,,,no,,
14168,809,ICP-MS U/Th Other,175.0,5.0,GAL 17.5,calcite,100.0,500.0,2383.02497380532,52.9125384390216,52.9125384390216,,,unknown,153.052797236315,0.592678972828272,119.462245899405,2.64379131302023,,,93.6439708578372,2.79905205479629,0.0239162877464067,0.000489353857750417,1.09663727557022,0.00678257601862143,0.816,0.408,Cheng et al. 2013,2323.02497380532,52.9125384390216,52.9125384390216,,,,,no,,
14169,809,ICP-MS U/Th Other,200.0,5.0,GAL20,calcite,100.0,500.0,2843.38935714018,241.819061018173,241.819061018173,,,unknown,199.278621070733,1.07110775741849,2484.57185484268,16.6820344376274,,,7.72162011158872,0.422396953479842,0.0315009628178739,0.00171853330314471,1.09755934392827,0.00773955145567921,0.816,0.408,Cheng et al. 2013,2783.38935714018,241.819061018173,241.819061018173,,,,,no,,
14170,809,ICP-MS U/Th Other,220.0,5.0,GAL 22,calcite,100.0,500.0,3634.99529480433,67.3137203723797,67.3137203723797,,,unknown,207.842319406238,0.948504033230289,308.680011178778,3.19678563765938,,,75.3774790582017,1.38743687909205,0.0366303172986118,0.000581917288729854,1.10504800971902,0.00751538624404237,0.816,0.408,Cheng et al. 2013,3574.99529480433,67.3137203723797,67.3137203723797,,,,,no,,
14171,809,ICP-MS U/Th Other,250.0,5.0,GAL25,calcite,100.0,500.0,4158.34969909382,54.120262892802,54.120262892802,,,unknown,211.900180153562,0.886959697485163,277.596827181635,2.39331214995012,,,96.677192055994,1.27151664731252,0.0414411448745614,0.000446659331447508,1.09800243741875,0.00584455941947608,0.816,0.408,Cheng et al. 2013,4098.34969909382,54.120262892802,54.120262892802,,,,,no,,
14172,809,ICP-MS U/Th Other,275.0,5.0,GAL 27.5,calcite,100.0,500.0,5067.66313568976,81.1732732091467,81.1732732091467,,,unknown,186.245633523073,1.04261632197323,283.925519103126,2.4855640191375,,,101.817023882668,1.45827804902237,0.0507882527414756,0.000642093662306058,1.10911329166925,0.00912311484052544,0.816,0.408,Cheng et al. 2013,5007.66313568976,81.1732732091467,81.1732732091467,,,,,no,,
14173,809,ICP-MS U/Th Other,300.0,5.0,GAL30,calcite,100.0,500.0,5902.96701112649,92.1940471345665,92.1940471345665,,,unknown,238.140372730634,1.019298519619,996.773545991972,3.5367559517505,,,43.0695146326996,0.455708616399682,0.0589872292311245,0.000639903155896404,1.09852785907354,0.00560601286675614,0.816,0.408,Cheng et al. 2013,5842.96701112649,92.1940471345665,92.1940471345665,,,,,no,,
14174,809,ICP-MS U/Th Other,325.0,5.0,GAL 32.5,calcite,100.0,500.0,6884.60085380662,103.114989445879,103.114989445879,,,unknown,215.201163342908,1.29611984849797,50.4648045799896,3.01788061319661,,,880.831890149719,53.3918223602777,0.0675867488076254,0.000783062069530914,1.10270036927936,0.00954883143137876,0.816,0.408,Cheng et al. 2013,6824.60085380662,103.114989445879,103.114989445879,,,,,no,,
14175,809,ICP-MS U/Th Other,350.0,5.0,GAL35,calcite,100.0,500.0,7315.85363580816,66.6701617096035,66.6701617096035,,,unknown,264.751358016548,0.797319810866587,429.713985116548,2.52408463581649,,,135.46185678958,1.22731679907016,0.0719420585767728,0.000541503654147479,1.10140767761694,0.00386799210422797,0.816,0.408,Cheng et al. 2013,7255.85363580816,66.6701617096035,66.6701617096035,,,,,no,,
14176,809,ICP-MS U/Th Other,375.0,5.0,GAL 37.5,calcite,100.0,500.0,7906.90560697887,103.253230668907,103.253230668907,,,unknown,197.499099949837,1.12369492454507,155.755521703174,2.38446400705838,,,302.538077970916,5.2385525987966,0.0780697735002763,0.000772163040670785,1.11213236346775,0.0084687477961716,0.816,0.408,Cheng et al. 2013,7846.90560697887,103.253230668907,103.253230668907,,,,,no,,
14177,809,ICP-MS U/Th Other,400.0,5.0,GAL 40,calcite,100.0,500.0,8376.81527938595,115.655427568859,115.655427568859,,,unknown,210.416714939109,1.20368481890214,128.478855756453,2.82622835805965,,,415.110217676601,9.7907451793532,0.0829352947159223,0.000850326276734166,1.11817689921139,0.00930161311841892,0.816,0.408,Cheng et al. 2013,8316.81527938595,115.655427568859,115.655427568859,,,,,no,,
14178,809,ICP-MS U/Th Other,420.0,5.0,GAL-42,calcite,100.0,500.0,8667.79235024459,96.6880275173014,96.6880275173014,,,unknown,209.192595584883,1.00156991027601,172.775745122075,2.32647735454613,,,315.760385501381,4.93525260027055,0.0853333223184447,0.00079087143198517,1.11273106916752,0.00577461571744325,0.816,0.408,Cheng et al. 2013,8607.79235024459,96.6880275173014,96.6880275173014,,,,,no,,
14179,809,Event; hiatus,422.0,,,,,,,,,,,unknown,,,,,,,,,,,,,,,,,,,,,,,,,
14180,809,ICP-MS U/Th Other,425.0,5.0,GAL 42.5,calcite,100.0,500.0,26889.2150339141,302.735637713453,302.735637713453,,,unknown,143.737009689602,0.57992495368959,103.205739991688,2.79907245629905,,,1049.54647957472,29.1434684467841,0.246582055012789,0.00177396616403754,1.12305307813193,0.00749614334670618,0.816,0.408,Cheng et al. 2013,26829.2150339141,302.735637713453,302.735637713453,,,,,no,,
14181,809,Event; hiatus,430.0,,,,,,,,,,,unknown,,,,,,,,,,,,,,,,,,,,,,,,,
14182,809,ICP-MS U/Th Other,440.0,5.0,GAL 44,calcite,100.0,500.0,36631.1613494307,508.699155521045,508.699155521045,,,unknown,125.245455037471,0.652675878370659,1269.34851436611,3.92060255478088,,,99.771434154106,0.684303295845135,0.330864112801383,0.00266044859299035,1.14548799524524,0.00883197921583023,0.816,0.408,Cheng et al. 2013,36571.1613494307,508.699155521045,508.699155521045,,,,,no,,
14183,809,Event; hiatus,450.0,,,,,,,,,,,unknown,,,,,,,,,,,,,,,,,,,,,,,,,
14184,809,ICP-MS U/Th Other,460.0,5.0,GAL46,calcite,100.0,500.0,40698.7336766173,388.028544804774,388.028544804774,,,unknown,182.999643188859,0.707192987955304,286.142525949212,2.28829403886656,,,694.587495713861,6.38090723104714,0.355372378632771,0.00211362529361024,1.132537557029,0.00563444668503625,0.816,0.408,Cheng et al. 2013,40638.7336766173,388.028544804774,388.028544804774,,,,,no,,
14185,809,ICP-MS U/Th Other,500.0,5.0,GAL 50,calcite,100.0,500.0,41169.641686691,443.119893313066,443.119893313066,,,unknown,178.188810184456,0.759563283053199,289.022133558688,2.4709856533847,,,673.83409496352,6.47660021450027,0.357625272229675,0.00218878031673538,1.12903161219478,0.00697039557966354,0.816,0.408,Cheng et al. 2013,41109.641686691,443.119893313066,443.119893313066,,,,,no,,
14186,809,Event; hiatus,505.0,,,,,,,,,,,unknown,,,,,,,,,,,,,,,,,,,,,,,,,
14187,809,ICP-MS U/Th Other,510.0,5.0,GAL 51,calcite,100.0,500.0,48829.6014772756,440.163270200146,440.163270200146,,,unknown,151.693792410101,0.556120533214807,306.968287951888,2.25827132783568,,,606.73670493359,4.97011518614185,0.40174503344611,0.00206497816382312,1.10502144271264,0.0052355105071353,0.816,0.408,Cheng et al. 2013,48769.6014772756,440.163270200146,440.163270200146,,,,,no,,
14188,809,ICP-MS U/Th Other,540.0,5.0,GAL 54,calcite,100.0,500.0,51827.4850081282,502.063882045603,502.063882045603,,,unknown,175.116899833672,0.683636214942711,102.365820546454,2.10638301528149,,,2192.87794580389,45.8619844932824,0.419436206188575,0.00226743593293801,1.10134851787636,0.00556809994968413,0.816,0.408,Cheng et al. 2013,51767.4850081282,502.063882045603,502.063882045603,,,,,no,,
14189,809,ICP-MS U/Th Other,580.0,5.0,GAL 58,calcite,100.0,500.0,54117.1813328929,903.133325949233,903.133325949233,,,unknown,245.770321674833,1.48656670615403,3438.20394398838,12.5094682129017,,,95.3504164536439,0.829599091847341,0.436464911394535,0.0043437711860904,1.10233475566882,0.00815986036818084,0.816,0.408,Cheng et al. 2013,54057.1813328929,903.133325949233,903.133325949233,,,,,no,,
14190,809,ICP-MS U/Th Other,590.0,5.0,GAL59,calcite,100.0,500.0,55834.3494068474,935.0,935.0,,,unknown,95.1421356375302,0.417511710771833,137.637522680291,2.39790804506419,,,940.040874647589,17.2149075624643,0.444974613231038,0.00318074109315491,1.10210899581381,0.00570087279806365,0.816,0.408,Cheng et al. 2013,55774.3494068474,935.0,935.0,,,,,no,,
14191,809,ICP-MS U/Th Other,700.0,5.0,GAL 70,calcite,100.0,500.0,58719.720312066,1263.59466820718,1263.59466820718,,,unknown,134.007940030823,1.11381442806344,37.3625635162373,1.62624866850016,,,4928.82275935564,215.41081383271,0.44964925802632,0.00413623528172968,1.0739344746821,0.0135187406804214,0.816,0.408,Cheng et al. 2013,58659.720312066,1263.59466820718,1263.59466820718,,,,,no,,
14192,809,ICP-MS U/Th Other,860.0,5.0,GAL 86,calcite,100.0,500.0,59944.857462658,680.83426843287,680.83426843287,,,unknown,157.218032569009,0.679429639273662,451.34410490068,2.41584839594382,,,508.049320420322,3.61965095458657,0.477238900909931,0.0030477943271978,1.11789683343483,0.00600178722067923,0.816,0.408,Cheng et al. 2013,59884.857462658,680.83426843287,680.83426843287,,,,,no,,
14193,809,ICP-MS U/Th Other,880.0,5.0,GAL88,calcite,100.0,500.0,59795.0046755174,603.312971476406,603.312971476406,,,unknown,140.363450444948,0.472839836672588,631.212735914239,2.95932085376505,,,324.45446349726,2.25202967377458,0.477419348011312,0.00292530229932358,1.11972347388122,0.00472860156477003,0.816,0.408,Cheng et al. 2013,59735.0046755174,603.312971476406,603.312971476406,,,,,no,,
15726,903,MC-ICP-MS U/Th,3.3,1.3,GLA-I 2.65,calcite,20,35,11050.0861359044,44.27683512311158,44.27683512311158,,,yes,782.2595579349967,0.8838531524055591,719.6494530692618,17.9348205533424,,,364.7974154717256,9.178084344610582,0.1098111447734126,0.000398741634988198,1.137349773356107,0.001311974854978602,,,Cheng et al. 2013,10955.62477663981,47.26021131427267,47.26021131427267,,,,,,,
15727,903,MC-ICP-MS U/Th,4.525,1.149999999999999,GLA-G 3.95,calcite,20,35,13038.47890010021,51.49526332253843,51.49526332253843,,,yes,837.0289568124024,1.36912840225719,76.6312221911288,10.22501593977697,,,4288.530394899032,572.3786721961762,0.1284689891556183,0.0004495781164807061,1.137433966889458,0.001434391521783471,,,Cheng et al. 2013,12965.13471218549,51.51973371009169,51.51973371009169,,,,,,,
15728,903,MC-ICP-MS U/Th,6.025,1.850000000000001,GLA-F-5.1,calcite,20,35,14130.78279754624,45.8118233043873,45.8118233043873,,,yes,598.6726044300341,0.7551147693579359,1695.767989836386,36.76668949238695,,,149.6331320650695,3.266100574976924,0.1386849580088038,0.0003908003548562436,1.13831587517944,0.001288647725142201,,,Cheng et al. 2013,13987.6892787299,68.48409263914579,68.48409263914579,,,,,,,
15729,903,MC-ICP-MS U/Th,7.699999999999999,1.499999999999999,GLA-E 6.95,calcite,20,35,14019.77895299609,52.82595571039464,52.82595571039464,,,yes,796.5103208677536,0.8863907784406481,125.6511128704188,14.48890377362659,,,2669.385596833411,307.9234766302414,0.137787807455777,0.0004607122816668842,1.139342658219997,0.001301796937434653,,,Cheng et al. 2013,13944.75603992008,52.89979056899564,52.89979056899564,,,,,,,
15730,903,MC-ICP-MS U/Th,9.05,1.200000000000001,GLA-D-8.45,calcite,20,35,14229.85821853165,63.97577674268537,63.97577674268537,,,yes,540.8972686383967,0.5684754056655565,68.0286742782131,13.54545190130622,,,3398.837143857794,676.8871223378236,0.1398724299728034,0.0005684694545052514,1.140518565299707,0.001272775509060773,,,Cheng et al. 2013,14155.65161237027,64.01577303288475,64.01577303288475,,,,,,,
15731,903,MC-ICP-MS U/Th,10.35,1.4,GLA-C 9.65,calcite,20,35,14459.83186172177,57.35071270055144,57.35071270055144,,,yes,543.3963957199828,0.5367166937429116,115.3938666158582,11.91067755875502,,,2046.82993562516,211.3834112567579,0.1422237997472088,0.0005034591848297745,1.142348070410211,0.001279618978601951,,,Cheng et al. 2013,14383.43618904452,57.47404089092165,57.47404089092165,,,,,,,
15732,903,MC-ICP-MS U/Th,11.6,1.1,GLA-L 11.05,calcite,20,35,14893.87018275869,96.82384480665246,96.82384480665246,,,yes,375.4457958481241,0.5377492668349336,153.9720479349521,14.29245414330387,,,1093.455209385764,101.6909992738262,0.1467304277083149,0.0008620215903121939,1.146271495674409,0.001781050609837007,,,Cheng et al. 2013,14812.5008419397,97.08997201165207,97.08997201165207,,,,,,,
15733,903,MC-ICP-MS U/Th,12.75,1.199999999999999,GLA-B 12.15,calcite,20,35,15447.27146643448,85.35456647706525,85.35456647706525,,,yes,526.5916064144266,0.6511984684199985,78.11966348743309,19.14711564959032,,,3135.014827035397,768.5381590159951,0.1521775456509072,0.0007524781917337007,1.148917933537964,0.001658060430062626,,,Cheng et al. 2013,15372.52060927811,85.39619632179898,85.39619632179898,,,,,,,
15734,903,MC-ICP-MS U/Th,13.95,1.200000000000001,GLA-A-13.35,calcite,20,35,15879.91436925131,69.30600207188583,69.30600207188583,,,yes,386.4530205805178,0.3686074368723368,144.4221276750895,10.86798568379031,,,1279.940850549311,96.43925759297517,0.156513382660732,0.0006109027367581733,1.151547253502528,0.001290483958291888,,,Cheng et al. 2013,15799.5113543776,69.61667634670569,69.61667634670569,,,,,,,
15735,903,MC-ICP-MS U/Th,15.6,1.500000000000002,GLA-Z 14.85,calcite,20,35,16650.92498796844,70.34409914867476,70.34409914867476,,,yes,490.4268694426731,0.4289240945848947,118.2396046673421,13.06209358379767,,,2077.918585153249,229.6760213890979,0.1639237139349013,0.0006157260692838958,1.153984195366235,0.001281289415159982,,,Cheng et al. 2013,16573.86771073329,70.47050605066097,70.47050605066097,,,,,,,
15736,903,MC-ICP-MS U/Th,16.95,1.199999999999999,GLA-Y 16.35,calcite,20,35,16778.12935588607,70.99454597084055,70.99454597084055,,,yes,543.940743197606,0.580301365191273,327.82838258771,14.57513944197572,,,837.3223190788358,37.34746267476207,0.1651247500277309,0.0006165972952192302,1.154249621298734,0.001376167776836186,,,Cheng et al. 2013,16692.01521179809,71.77731056676731,71.77731056676731,,,,,,,
15737,903,MC-ICP-MS U/Th,18.225,1.349999999999998,GLA-X 17.55,calcite,20,35,17532.09142891031,62.13264832856609,62.13264832856609,,,yes,667.7027147311362,0.7499490822687458,87.92715339413319,12.9420877945982,,,3994.634985243296,588.0847531660519,0.1721240345926989,0.0005275301866121313,1.155137465595127,0.001315912148957837,,,Cheng et al. 2013,17457.77929635286,62.17469013411984,62.17469013411984,,,,,,,
15738,903,MC-ICP-MS U/Th,19.6,1.400000000000002,GLA-W 18.9,calcite,20,35,17546.87725515156,62.2896664262359,62.2896664262359,,,yes,735.8210773876535,0.8050224004184183,61.81348304235431,10.74712142274623,,,6265.955994742439,1089.570353602263,0.1722355821215386,0.0005283650993882934,1.154988267541723,0.0013240214897295,,,Cheng et al. 2013,17473.75788293403,62.30631149573507,62.30631149573507,,,,,,,
15739,903,MC-ICP-MS U/Th,20.9,1.199999999999999,GLA-V 20.3,calcite,20,35,18140.73842483766,67.16950810312179,67.16950810312179,,,yes,860.405065590182,0.950209551308363,88.75727082702464,17.16507369542657,,,5261.298549010464,1017.624452135169,0.1775899856974686,0.0005706159250393576,1.154840547803448,0.001309381605674883,,,Cheng et al. 2013,18067.13942005315,67.19359912792109,67.19359912792109,,,,,,,
15740,903,MC-ICP-MS U/Th,22.125,1.25,GLA-U 21.5,calcite,20,35,18350.677591505,79.92612887853178,79.92612887853178,,,yes,489.9754835958732,0.513538189973019,26.93809980401716,11.62613747183893,,,9969.562546958927,4302.892902836017,0.1793466440889893,0.0006892664620074206,1.153975186803421,0.001307596639702033,,,Cheng et al. 2013,18278.28296080058,79.93329031956627,79.93329031956627,,,,,,,
15741,903,MC-ICP-MS U/Th,23.45,1.399999999999999,GLA-T-22.75,calcite,20,35,18886.39961953249,91.47642118187801,91.47642118187801,,,yes,613.0211906573601,0.7806525471488116,74.15914845208515,13.31855155663227,,,4641.935610776066,833.8752609400104,0.1837438888739248,0.0007778662698569286,1.151422695670387,0.001553565155232059,,,Cheng et al. 2013,18812.34551103802,91.49955249503071,91.49955249503071,,,,,,,
15742,903,MC-ICP-MS U/Th,24.875,1.450000000000003,GLA-S-24.15,calcite,20,35,19253.07130802892,82.30862163968528,82.30862163968528,,,yes,513.9771027614224,0.5864436380763156,111.9800955014307,9.79575358000269,,,2623.449812351939,229.6840316402446,0.187022719073056,0.0007006406967395154,1.151450627874784,0.00131244631639165,,,Cheng et al. 2013,19176.58625812287,82.39396681676385,82.39396681676385,,,,,,,
15743,903,MC-ICP-MS U/Th,26.225,1.25,GLA-R 25.6,calcite,20,35,19454.72806998624,86.54236330670275,86.54236330670275,,,yes,445.120615717657,0.4910727267065697,46.18470046816731,9.71782451372712,,,5570.46054612101,1172.273718079885,0.189119394937496,0.0007295247310854752,1.153240677344819,0.00149458471742158,,,Cheng et al. 2013,19381.11022364272,86.56072361188018,86.56072361188018,,,,,,,
15744,903,MC-ICP-MS U/Th,29.0,1.200000000000003,GLA-P 28.4,calcite,20,35,20330.7887203571,57.33375977263965,57.33375977263965,,,yes,451.06533033928,0.3642810237869203,20.84244873660409,7.019148811580396,,,12980.52466491518,4371.565326719959,0.1962574202313532,0.000454463660320297,1.149574301888971,0.001265033624125334,,,Cheng et al. 2013,20255.60785274889,57.34015137418803,57.34015137418803,,,,,,,
15745,903,MC-ICP-MS U/Th,30.5,1.799999999999997,GLA-O 29.6,calcite,20,35,20754.80811965569,74.37016674938685,74.37016674938685,,,yes,454.4817420270711,0.5176428110624104,11.9812677056307,4.504394153950443,,,23222.46671009231,8730.804962284625,0.200317653794464,0.0006114948321820599,1.151418833162232,0.001305790929237439,,,Cheng et al. 2013,20680.12653484561,74.37204556944113,74.37204556944113,,,,,,,
15746,903,MC-ICP-MS U/Th,33.1,1.799999999999997,GLA-N 32.2,calcite,20,35,21700.99081627864,76.7017868615406,76.7017868615406,,,yes,408.193875192285,0.5784920224025493,22.475762835973,4.311102526414106,,,11571.8500044541,2219.804370445354,0.2084852320081101,0.0006059076009886738,1.150758657209988,0.001523736425512843,,,Cheng et al. 2013,21625.58826420465,76.7076057437991,76.7076057437991,,,,,,,
15747,903,MC-ICP-MS U/Th,34.7,1.399999999999999,GLA-M 34.0,calcite,20,35,22105.74194411221,76.70738578481169,76.70738578481169,,,yes,470.0503550585281,0.5517672932861174,24.01152290325635,4.905321597767131,,,12666.94292311481,2587.958547687013,0.2117247744919846,0.0006219172657751064,1.14925861235455,0.001254099594089337,,,Cheng et al. 2013,22030.43717100226,76.71245968050414,76.71245968050414,,,,,,,
15748,903,MC-ICP-MS U/Th,36.0,1.200000000000003,GLA-AA 35.44,calcite,20,35,22755.3518600336,81.27095217103971,81.27095217103971,,,yes,426.8123943757472,0.5130262393153497,63.7727980249917,5.354210535772146,,,4443.069366183253,373.2343599637217,0.2172231403383395,0.0006585962704184409,1.148628313616015,0.001232665535247776,,,Cheng et al. 2013,22677.57585243996,81.31058192811577,81.31058192811577,,,,,,,
15749,903,MC-ICP-MS U/Th,37.2,1.199999999999996,GLA-AB 36.6,calcite,20,35,23242.82858913016,68.69150681952934,68.69150681952934,,,yes,410.3281184113055,0.4541072984373188,23.88301919796153,6.350735190316855,,,11613.21606899106,3088.169850293381,0.2211744725267979,0.0005303317369391166,1.147401189945411,0.001294607074003622,,,Cheng et al. 2013,23167.34186532471,68.69949685465664,68.69949685465664,,,,,,,
15750,903,MC-ICP-MS U/Th,38.3,1.0,GLA-AC 37.8,calcite,20,35,23600.9447278684,81.91264449797016,81.91264449797016,,,yes,451.7225114169394,0.5398461495680952,59.91381806809827,5.190131186229822,,,5173.772423680266,448.395478776221,0.2245365931339852,0.0006519814042480744,1.14887181851523,0.001284766780827094,,,Cheng et al. 2013,23523.59119018983,81.94308711545295,81.94308711545295,,,,,,,
