,Unnamed: 0,t,depth,discharge_lsm,discharge_Med,discharge_Bri,discharge_Fen,discharge_EurArc,discharge_AmeArc,discharge_GIS,discharge_NLau,discharge_SLau,discharge_GulofMex,discharge_Sv_residual,t_adj,Med d18O (-35.0),Med d18O (-40.0),Med d18O (-30.0),Bri d18O (-35.0),Bri d18O (-40.0),Bri d18O (-30.0),Fen d18O (-35.0),Fen d18O (-40.0),Fen d18O (-30.0),EurArc d18O (-35.0),EurArc d18O (-40.0),EurArc d18O (-30.0),AmeArc d18O (-35.0),AmeArc d18O (-40.0),AmeArc d18O (-30.0),GIS d18O (-35.0),GIS d18O (-40.0),GIS d18O (-30.0),NLau d18O (-35.0),NLau d18O (-40.0),NLau d18O (-30.0),SLau d18O (-35.0),SLau d18O (-40.0),SLau d18O (-30.0),GulofMex d18O (-35.0),GulofMex d18O (-40.0),GulofMex d18O (-30.0)
0,0,72000.0,5.0,0.0,0.01215242,0.00066676264,0.0026998308,0.0120725725,0.0034176963,0.00080310984,0.0062924847,0.0025788422,0.0046442444,0.11557978,-28000,-0.7355774711225369,-0.840659966997185,-0.6304949752478888,-0.14906824482870518,-0.17036370837566306,-0.1277727812817473,-0.5020706415746848,-0.573795018942497,-0.4303462642068727,-1.8003595192535005,-2.057553736289715,-1.5431653022172862,-0.27972065290768644,-0.3196807461802131,-0.2397605596351598,-0.19639861213089255,-0.22445555672102002,-0.16834166754076504,-0.5161144869060682,-0.5898451278926493,-0.442383845919487,-0.17897738366303795,-0.2045455813291862,-0.15340918599688966,-0.42663573950573086,-0.4875837022922639,-0.3656877767191979
1,1,72500.0,5.0,0.0,0.01215242,0.00066676264,0.0026998308,0.0120725725,0.0034176963,0.00080310984,0.0062924847,0.0025788422,0.0046442444,0.11557978,-27500,-0.7355774711225369,-0.840659966997185,-0.6304949752478888,-0.14906824482870518,-0.17036370837566306,-0.1277727812817473,-0.5020706415746848,-0.573795018942497,-0.4303462642068727,-1.8003595192535005,-2.057553736289715,-1.5431653022172862,-0.27972065290768644,-0.3196807461802131,-0.2397605596351598,-0.19639861213089255,-0.22445555672102002,-0.16834166754076504,-0.5161144869060682,-0.5898451278926493,-0.442383845919487,-0.17897738366303795,-0.2045455813291862,-0.15340918599688966,-0.42663573950573086,-0.4875837022922639,-0.3656877767191979
2,2,73000.0,5.0,0.0,0.01215242,0.00066676264,0.0026998308,0.0120725725,0.0034176963,0.00080310984,0.0062924847,0.0025788422,0.0046442444,0.11557978,-27000,-0.7355774711225369,-0.840659966997185,-0.6304949752478888,-0.14906824482870518,-0.17036370837566306,-0.1277727812817473,-0.5020706415746848,-0.573795018942497,-0.4303462642068727,-1.8003595192535005,-2.057553736289715,-1.5431653022172862,-0.27972065290768644,-0.3196807461802131,-0.2397605596351598,-0.19639861213089255,-0.22445555672102002,-0.16834166754076504,-0.5161144869060682,-0.5898451278926493,-0.442383845919487,-0.17897738366303795,-0.2045455813291862,-0.15340918599688966,-0.42663573950573086,-0.4875837022922639,-0.3656877767191979
3,3,73500.0,5.0,0.0,0.01215242,0.00066676264,0.0026998308,0.0120725725,0.0034176963,0.00080310984,0.0062924847,0.0025788422,0.0046442444,0.11557978,-26500,-0.7355774711225369,-0.840659966997185,-0.6304949752478888,-0.14906824482870518,-0.17036370837566306,-0.1277727812817473,-0.5020706415746848,-0.573795018942497,-0.4303462642068727,-1.8003595192535005,-2.057553736289715,-1.5431653022172862,-0.27972065290768644,-0.3196807461802131,-0.2397605596351598,-0.19639861213089255,-0.22445555672102002,-0.16834166754076504,-0.5161144869060682,-0.5898451278926493,-0.442383845919487,-0.17897738366303795,-0.2045455813291862,-0.15340918599688966,-0.42663573950573086,-0.4875837022922639,-0.3656877767191979
4,4,74000.0,5.0,0.0,0.01215242,0.00066676264,0.0026998308,0.0120725725,0.0034176963,0.00080310984,0.0062924847,0.0025788422,0.0046442444,0.11557978,-26000,-0.7355774711225369,-0.840659966997185,-0.6304949752478888,-0.14906824482870518,-0.17036370837566306,-0.1277727812817473,-0.5020706415746848,-0.573795018942497,-0.4303462642068727,-1.8003595192535005,-2.057553736289715,-1.5431653022172862,-0.27972065290768644,-0.3196807461802131,-0.2397605596351598,-0.19639861213089255,-0.22445555672102002,-0.16834166754076504,-0.5161144869060682,-0.5898451278926493,-0.442383845919487,-0.17897738366303795,-0.2045455813291862,-0.15340918599688966,-0.42663573950573086,-0.4875837022922639,-0.3656877767191979
5,5,74500.0,5.0,0.0,0.01215242,0.00066676264,0.0026998308,0.0120725725,0.0034176963,0.00080310984,0.0062924847,0.0025788422,0.0046442444,0.11557978,-25500,-0.7355774711225369,-0.840659966997185,-0.6304949752478888,-0.14906824482870518,-0.17036370837566306,-0.1277727812817473,-0.5020706415746848,-0.573795018942497,-0.4303462642068727,-1.8003595192535005,-2.057553736289715,-1.5431653022172862,-0.27972065290768644,-0.3196807461802131,-0.2397605596351598,-0.19639861213089255,-0.22445555672102002,-0.16834166754076504,-0.5161144869060682,-0.5898451278926493,-0.442383845919487,-0.17897738366303795,-0.2045455813291862,-0.15340918599688966,-0.42663573950573086,-0.4875837022922639,-0.3656877767191979
6,6,75000.0,5.0,0.0,0.01215242,0.00066676264,0.0026998308,0.0120725725,0.0034176963,0.00080310984,0.0062924847,0.0025788422,0.0046442444,0.11557978,-25000,-0.7355774711225369,-0.840659966997185,-0.6304949752478888,-0.14906824482870518,-0.17036370837566306,-0.1277727812817473,-0.5020706415746848,-0.573795018942497,-0.4303462642068727,-1.8003595192535005,-2.057553736289715,-1.5431653022172862,-0.27972065290768644,-0.3196807461802131,-0.2397605596351598,-0.19639861213089255,-0.22445555672102002,-0.16834166754076504,-0.5161144869060682,-0.5898451278926493,-0.442383845919487,-0.17897738366303795,-0.2045455813291862,-0.15340918599688966,-0.42663573950573086,-0.4875837022922639,-0.3656877767191979
7,7,75500.0,5.0,0.0,0.008581402,0.00064060173,0.0025482555,0.012820682,0.0034249318,0.0007893263,0.0062395986,0.0025810169,0.0046274555,0.11546864,-24500,-0.522654032872726,-0.5973188947116869,-0.4479891710337651,-0.14324338261126449,-0.16370672298430228,-0.1227800422382267,-0.4742650843210212,-0.5420172392240242,-0.4065129294180182,-1.9058486687991285,-2.178112764341861,-1.6335845732563958,-0.280308098204589,-0.32035211223381604,-0.24026408417536202,-0.19304647167547012,-0.22062453905768015,-0.1654684042932601,-0.5118401632785021,-0.5849601866040025,-0.43872013995300185,-0.17912754023516755,-0.2047171888401915,-0.15353789163014364,-0.4251121879843516,-0.48584250055354467,-0.36438187541515854
8,8,76000.0,5.0,0.0,0.005010385,0.00061444077,0.0023966797,0.013568791,0.0034321668,0.0007755429,0.0061867125,0.0025831917,0.004610666,0.115357526,-24000,-0.30706784217579464,-0.35093467677233675,-0.2632010075792526,-0.137416561836008,-0.157047499241152,-0.117785624430864,-0.4464145760437188,-0.5101880869071072,-0.3826410651803304,-2.0106695054612906,-2.297908006241475,-1.7234310046811063,-0.2808954830308202,-0.3210234091780802,-0.24076755688356016,-0.18969371948661926,-0.216792822270422,-0.1625946167028165,-0.5075647799033437,-0.5800740341752499,-0.4350555256314374,-0.17927770241689417,-0.20488880276216476,-0.15366660207162358,-0.4235884477240131,-0.48410108311315786,-0.3630758123348684
9,9,76500.0,5.0,0.0,0.0061242124,0.00038798637,0.0020479013,0.008077721,0.0037287977,0.0007791928,0.0061676865,0.0024022202,0.0044070366,0.11604988,-23500,-0.3745995753771188,-0.4281138004309929,-0.3210853503232447,-0.08689692461568754,-0.09931077098935719,-0.07448307824201789,-0.38215913884601793,-0.4367533015383062,-0.32756497615372965,-1.225474126339924,-1.400541858674199,-1.0504063940056494,-0.30496082829236953,-0.34852666090556517,-0.26139499567917385,-0.19058160468160387,-0.21780754820754727,-0.16335566115566047,-0.506026433224275,-0.5783159236848857,-0.43373694276366426,-0.16677783425054696,-0.19060323914348223,-0.14295242935761168,-0.40509725198273344,-0.4629682879802668,-0.3472262159852001
10,10,77000.0,5.0,0.0,0.0072380397,0.00016153204,0.0016991226,0.0025866511,0.004025428,0.0007828426,0.0061486606,0.0022212486,0.004203408,0.11674225,-23000,-0.44186890472980417,-0.5049930339769191,-0.37874477548268926,-0.036230673810058636,-0.04140648435435272,-0.031054863265764544,-0.3176642235465418,-0.36304482691033346,-0.2722836201827501,-0.4019897800522687,-0.4594168914883071,-0.34456266861623036,-0.32899278657792935,-0.3759917560890621,-0.28199381706679655,-0.1914694202598274,-0.2188221945826599,-0.16411664593699493,-0.5044879574065624,-0.5765576656074999,-0.4324182492056249,-0.15426898159521413,-0.17630740753738758,-0.1322305556530407,-0.38658634052677454,-0.44181296060202807,-0.33135972045152107
11,11,77500.0,5.0,0.0,0.009424434,0.0005754729,0.001894232,0.0028433274,0.004424385,0.0007886985,0.005518055,0.003887947,0.0043174145,0.116633356,-22500,-0.573158437424065,-0.6550382141989315,-0.4912786606491986,-0.12873364990671723,-0.14712417132196254,-0.11034312849147193,-0.3537727435469424,-0.4043117069107913,-0.3032337801830935,-0.4413766364017256,-0.5044304416019721,-0.3783228312014791,-0.3612624483239266,-0.412871369513059,-0.30965352713479427,-0.1928937760903534,-0.22045002981754677,-0.16533752236316007,-0.45341804110575995,-0.5181920469780114,-0.38864403523350854,-0.2691335374906406,-0.3075811857035893,-0.23068588927769196,-0.3969525713515067,-0.45366008154457904,-0.3402450611584343
12,12,78000.0,5.0,0.0,0.011610828,0.0009894137,0.0020893414,0.0031000043,0.004823342,0.0007945546,0.00488745,0.0055546453,0.004431421,0.116524465,-22000,-0.7034541656672241,-0.8039476179053989,-0.6029607134290492,-0.2207484375459406,-0.2522839286239321,-0.18921294646794906,-0.3898061550427403,-0.44549274862027466,-0.33411956146520594,-0.4806740093897495,-0.5493417250168566,-0.4120062937626424,-0.39347209665545896,-0.44968239617766737,-0.3372617971332505,-0.19431806399801602,-0.22207778742630402,-0.16655834056972801,-0.40219673342720275,-0.45965340963108886,-0.34474005722331663,-0.38324330158294156,-0.43799234466621895,-0.32849425849966424,-0.4073125949543899,-0.46550010851930274,-0.349125081389477
13,13,78500.0,5.0,0.0,0.008072961,0.0010453896,0.001679519,0.002397404,0.0038693857,0.00079164346,0.0045761093,0.0042222836,0.0034569344,0.11509668,-21500,-0.4921226254557176,-0.5624258576636773,-0.42181939324775797,-0.23315404551244087,-0.2664617662999324,-0.19984632472494934,-0.3140320616699116,-0.3588937847656133,-0.26917033857420997,-0.3728923545533295,-0.4261626909180908,-0.3196220181885681,-0.3163549322644815,-0.3615484940165503,-0.27116137051241274,-0.19361004736994403,-0.22126862556565033,-0.16595146917423775,-0.37685183126874894,-0.4306878071642845,-0.32301585537321337,-0.2920840241162074,-0.33381031327566557,-0.2503577349567491,-0.3185582140110549,-0.3640665302983484,-0.2730498977237613
14,14,79000.0,5.0,0.0,0.004535093,0.0011013653,0.0012696967,0.001694804,0.0029154294,0.0007887324,0.0042647687,0.002889922,0.0024824478,0.1136689,-21000,-0.27817047347146007,-0.3179091125388115,-0.23843183440410862,-0.24555076230422163,-0.2806294426333961,-0.21047208197504713,-0.23792546571553286,-0.27191481796060896,-0.20393611347045676,-0.2644355724561238,-0.3022120828069986,-0.22665906210524897,-0.23889330459327807,-0.27302091953517493,-0.2047656896513812,-0.19290202139429996,-0.22045945302205708,-0.16534458976654282,-0.35146977681818514,-0.4016797449350687,-0.3012598087013016,-0.2004433707752865,-0.22907813802889887,-0.17180860352167415,-0.229347227721823,-0.26211111739636916,-0.19658333804727687
15,15,79500.0,5.0,0.0,0.006794085,0.0033576526,0.0011686783,0.0015925204,0.003025182,0.00080733304,0.004812803,0.0023936161,0.002352676,0.11406811,-20500,-0.4150877208263909,-0.4743859666587325,-0.35578947499404934,-0.7379860195715935,-0.8434125937961068,-0.6325594453470801,-0.2191143734008723,-0.25041642674385406,-0.18781232005789056,-0.24858989581717,-0.2841027380767657,-0.21307705355757428,-0.24782286828246416,-0.28322613517995904,-0.2124196013849693,-0.1974255601064491,-0.22562921155022758,-0.16922190866267067,-0.3961234257963545,-0.45271248662440516,-0.33953436496830386,-0.1661833176549939,-0.18992379160570733,-0.14244284370428048,-0.2174324130452369,-0.2484941863374136,-0.1863706397530602
16,16,80000.0,5.0,0.0,0.0058889603,0.0038928562,0.0012501429,0.0022946582,0.0029470692,0.00080121343,0.0046464503,0.0028535505,0.0026853536,0.11448201,-20000,-0.3603580701088763,-0.4118377944101444,-0.30887834580760826,-0.8527535523446279,-0.9745754883938604,-0.7309316162953954,-0.2342858526393031,-0.26775526015920353,-0.20081644511940266,-0.35707430799841366,-0.40808492342675845,-0.3060636925700688,-0.24146801601824355,-0.2759634468779926,-0.20697258515849448,-0.1959374457917203,-0.22392850947625176,-0.16794638210718885,-0.38258123486819723,-0.4372356969922254,-0.32792677274416904,-0.19793493053632039,-0.22621134918436617,-0.16965851188827463,-0.24796038664483636,-0.2833832990226701,-0.2125374742670026
17,17,80500.0,5.0,0.0,0.004145112,0.0024714617,0.0014954633,0.0024586683,0.0028811703,0.00079533405,0.004415616,0.0036001464,0.0027357263,0.11478387,-19500,-0.25442396556348645,-0.29077024635827026,-0.21807768476870268,-0.5462480432511454,-0.624283478001309,-0.4682126085009818,-0.2798930180050913,-0.3198777348629615,-0.23990830114722111,-0.3823173180643606,-0.43693407778784066,-0.3277005583408805,-0.23610501560431274,-0.269834303547786,-0.20237572766083947,-0.1945076286803694,-0.22229443277756503,-0.16672082458317378,-0.3637722545304717,-0.4157397194633962,-0.31180478959754715,-0.2493531849823644,-0.2849750685512736,-0.2137313014134552,-0.25257813855739153,-0.288660729779876,-0.216495547334907
18,18,81000.0,5.0,0.0,0.004789887,0.0033199952,0.0015731554,0.0021915992,0.0038133897,0.000803676,0.004295099,0.004135534,0.0059009003,0.11837927,-19000,-0.2936677258268107,-0.3356202580877837,-0.2517151935658377,-0.7298818174472343,-0.834150648511125,-0.6256129863833437,-0.29431170730313405,-0.3363562369178675,-0.2522671776884006,-0.34119351877554444,-0.3899354500291936,-0.2924515875218952,-0.3118175737848382,-0.3563629414683865,-0.26727220610128993,-0.19653628776125678,-0.22461290029857917,-0.16845967522393437,-0.35394409169855795,-0.4045075333697805,-0.3033806500273354,-0.28613202515185177,-0.3270080287449735,-0.24525602155873014,-0.5402942766824363,-0.6174791733513557,-0.46310938001351687
19,19,81500.0,5.0,0.0,0.0050265505,0.0028234557,0.0025968542,0.0020444812,0.003505323,0.0008121085,0.0036863405,0.004184149,0.009201971,0.12127734,-18500,-0.30804984570795807,-0.35205696652338064,-0.2640427248925355,-0.6226624883909351,-0.7116142724467829,-0.5337107043350872,-0.483185097664257,-0.5522115401877223,-0.4141586551407917,-0.3184982514751987,-0.3639980016859414,-0.2729985012644561,-0.28683366761283907,-0.32780990584324465,-0.2458574293824335,-0.19858672714891218,-0.2269562595987568,-0.17021719469906757,-0.3042144640854639,-0.34767367324053017,-0.26075525493039764,-0.2894678127606128,-0.3308203574407003,-0.24811526808052523,-0.8353310087315066,-0.9546640099788647,-0.7159980074841485
20,20,82000.0,5.0,0.0,0.0073202862,0.00038000545,0.0068541244,0.002226564,0.0033636016,0.0008269729,0.003863012,0.0046510044,0.0075906212,0.11895204,-18000,-0.4468258007679407,-0.5106580580205038,-0.38299354351537773,-0.08511379266629653,-0.09727290590433889,-0.07295467942825416,-1.2470918218376512,-1.425247796385887,-1.0689358472894153,-0.34658302165188404,-0.39609488188786746,-0.2970711614159006,-0.27532811125830087,-0.3146606985809153,-0.23599552393568646,-0.20220055351687755,-0.23108634687643148,-0.1733147601573236,-0.31866149871515564,-0.3641845699601779,-0.2731384274701334,-0.3214691532379353,-0.3673933179862118,-0.27554498848965886,-0.6919486966917782,-0.7907985105048895,-0.5930988828786671
21,21,82500.0,5.0,0.0,0.005401194,0.00037152175,0.010791245,0.0030171,0.0031060805,0.0008415471,0.003813638,0.005452735,0.0084391665,0.117724314,-17500,-0.3307927024085566,-0.37804880275263614,-0.2835366020644771,-0.08321812769144547,-0.09510643164736625,-0.07132982373552468,-1.9240616243737012,-2.1989275707128013,-1.649195678034601,-0.46799109092943597,-0.5348469610622125,-0.4011352207966594,-0.254401901635983,-0.29074503044112343,-0.21805877283084257,-0.20574309796976947,-0.23513496910830795,-0.17635122683123097,-0.31462522883730815,-0.35957169009978074,-0.26967876757483555,-0.37628758450617866,-0.43004295372134704,-0.3225322152910103,-0.7676042581588217,-0.8772620093243677,-0.6579465069932758
22,22,83000.0,5.0,0.0,0.0021919908,0.0003648905,0.0069867186,0.004593953,0.002021887,0.0008571169,0.003463284,0.00417773,0.009075336,0.120079145,-17000,-0.13500522075392316,-0.15429168086162648,-0.11571876064621985,-0.08173624544616676,-0.09341285193847629,-0.07005963895385721,-1.270341389284534,-1.4518187306108963,-1.088864047958172,-0.7076361438820674,-0.8087270215795056,-0.6065452661846292,-0.16602282414458483,-0.1897403704509541,-0.14230527783821556,-0.20952684568745517,-0.23945925221423447,-0.17959443916067586,-0.285957168561924,-0.32680819264219885,-0.24510614448164914,-0.2890274006508239,-0.3303170293152273,-0.24773777198642047,-0.8241060866147182,-0.941835527559678,-0.7063766456697584
23,23,83500.0,5.0,0.0,0.0010812945,0.00038609692,0.0050004264,0.005480962,0.00212055,0.00086958887,0.0044464767,0.0030838416,0.0074627763,0.12622373,-16500,-0.06672759866845601,-0.07626011276394973,-0.057195084572962296,-0.08647479191280202,-0.09882833361463089,-0.07412125021097317,-0.9186685382533141,-1.0499069008609303,-0.7874301756456977,-0.8409848427889964,-0.9611255346159959,-0.7208441509619969,-0.1740840249107683,-0.19895317132659232,-0.14921487849494425,-0.2125571701762847,-0.24292248020146823,-0.18219186015110117,-0.3662880483295914,-0.41861491237667586,-0.31396118428250697,-0.2138113599865062,-0.24435583998457852,-0.18326687998843388,-0.6805211600038542,-0.7777384685758334,-0.583303851431875
24,24,84000.0,5.0,0.0,0.001565407,0.0007147087,0.009818447,0.0039217565,0.006451836,0.0008835099,0.0046842443,0.003487059,0.01948158,0.12924568,-16000,-0.0965202038697605,-0.11030880442258342,-0.08273160331693756,-0.15973863168403718,-0.18255843621032822,-0.13691882715774617,-1.7593319678909107,-2.0106651061610408,-1.5079988296207807,-0.6058858222500818,-0.6924409397143791,-0.5193307047857844,-0.5243290270297115,-0.5992331737482417,-0.4494248803111813,-0.21593895052949333,-0.2467873720337067,-0.18509052902528,-0.3856588425165726,-0.440752962876083,-0.3305647221570623,-0.2415745923615909,-0.2760852484132468,-0.20706393630993508,-1.7225609537595623,-1.9686410900109284,-1.4764808175081963
25,25,84500.0,5.0,0.0,0.0020581922,0.0010127312,0.014702524,0.009972157,0.01381847,0.0009127153,0.0058538765,0.0043560136,0.020198978,0.122527815,-15500,-0.12679438751883632,-0.14490787145009865,-0.10868090358757398,-0.22591723296722607,-0.2581911233911155,-0.19364334254333662,-2.570224669797684,-2.9373996226259247,-2.2030497169694434,-1.5005577693967123,-1.714923165024814,-1.2861923737686105,-1.1041161863681679,-1.261847070135049,-0.9463853026012867,-0.22303156578166963,-0.25489321803619386,-0.1911699135271454,-0.48063352376758794,-0.5492954557343862,-0.4119715918007896,-0.3012554099734598,-0.34429189711252545,-0.25821892283439407,-1.782762279342145,-2.037442604962451,-1.5280819537218384
26,26,85000.0,5.0,0.0,0.00059765804,0.00077218807,0.008525801,0.010402729,0.013646453,0.00090712553,0.0067596296,0.006592834,0.015607756,0.12349143,-15000,-0.036913460716144,-0.04218681224702172,-0.03164010918526629,-0.17252204622036613,-0.19716805282327557,-0.14787603961745666,-1.537884894528166,-1.7575827366036183,-1.3181870524527137,-1.5624556427319918,-1.785663591693705,-1.3392476937702786,-1.0908001281950475,-1.246628717937197,-0.9349715384528979,-0.2216742979155006,-0.25334205476057214,-0.19000654107042908,-0.553823786652047,-0.6329414704594823,-0.47470610284461173,-0.45394420521207374,-0.5187933773852271,-0.38909503303892035,-1.393676559566561,-1.5927732109332124,-1.1945799081999093
27,27,85500.0,5.0,0.0,0.0013570765,0.0008159011,0.021861255,0.022891684,0.07204127,0.00092232437,0.018691313,0.01779358,0.06668509,0.16889313,-14500,-0.08370563743237228,-0.09566358563699688,-0.07174768922774767,-0.18223754803892203,-0.20827148347305374,-0.1562036126047903,-3.6897495043909925,-4.216856576446848,-3.1626424323351365,-3.2633582163028136,-3.729552247203215,-2.7971641854024116,-5.080870923092953,-5.806709626391946,-4.3550322197939595,-0.22536452368116197,-0.2575594556356137,-0.19316959172671028,-1.4897886583481565,-1.7026156095407505,-1.2769617071555628,-1.1987482454797194,-1.3699979948339651,-1.0274984961254738,-5.268078573009189,-6.020661226296216,-4.515495919722162
28,28,86000.0,5.0,0.0,0.0017383053,0.00040794502,0.023678094,0.009227817,0.08304381,0.0010011845,0.018926675,0.021410208,0.08382059,0.15896519,-14000,-0.1071481685904117,-0.12245504981761336,-0.09184128736321003,-0.09135537607324039,-0.1044061440837033,-0.07830460806277748,-3.9616865078971477,-4.527641723311026,-3.3957312924832697,-1.3930112084452255,-1.5920128096516863,-1.1940096072387647,-5.729814865522138,-6.548359846311015,-4.911269884733261,-0.2444989244573559,-0.2794273422369782,-0.20957050667773364,-1.5077400287735772,-1.7231314614555169,-1.2923485960916377,-1.4324276187947937,-1.6370601357654786,-1.227795101824109,-6.375198635402435,-7.285941297602783,-5.464455973202087
29,29,86500.0,5.0,0.0,0.0002486491,0.00033329192,0.012305056,0.0028811467,0.036652256,0.001080339,0.008956982,0.010958053,0.03615482,0.12511078,-13500,-0.015366906433309178,-0.017562178780924774,-0.01317163408569358,-0.07467319791953256,-0.08534079762232293,-0.06400559821674219,-2.177181881776706,-2.488207864887664,-1.866155898665748,-0.4471724112455441,-0.5110541842806218,-0.3832906382104664,-2.783474613547096,-3.181113844053824,-2.385835383040368,-0.26368358695234045,-0.3013526708026748,-0.2260145031020061,-0.7300997973530486,-0.8343997684034842,-0.6257998263026131,-0.7480836060580173,-0.854952692637734,-0.6412145194783005,-3.067597171965597,-3.505825339389254,-2.6293690045419402
30,30,87000.0,5.0,0.0,0.0002872864,6.739361e-05,0.011071526,0.0021133742,0.04398619,0.0009981971,0.009436399,0.009456931,0.024555085,0.12292756,-13000,-0.01775354127335156,-0.020289761455258924,-0.015217321091444193,-0.015125109672251547,-0.017285839625430337,-0.012964379719072754,-1.9712207301576017,-2.2528236916086875,-1.6896177687065157,-0.3291297804206364,-0.3761483204807273,-0.28211124036054547,-3.2881099217340197,-3.7578399105531655,-2.818379932914874,-0.24377445384252294,-0.2785993758200262,-0.20894953186501966,-0.7683201002422686,-0.8780801145625927,-0.6585600859219445,-0.647500967901525,-0.7400011061731714,-0.5550008296298785,-2.143684314366992,-2.4499249307051336,-1.8374436980288502
31,31,87500.0,5.0,0.0,0.00021530225,0.00038967677,0.010132008,0.0017768868,0.03601257,0.0009810954,0.0095194895,0.011047283,0.024225878,0.12803802,-12500,-0.013306802062149204,-0.015207773785313376,-0.011405830338985031,-0.08727457778179076,-0.09974237460776088,-0.07480678095582065,-1.8126080298301084,-2.0715520340915523,-1.5536640255686642,-0.27714131315143725,-0.31673292931592834,-0.23754969698694622,-2.7386963479530064,-3.1299386833748644,-2.347454012531148,-0.23962656068483834,-0.27385892649695814,-0.2053941948727186,-0.7749356128428602,-0.8856407003918402,-0.66423052529388,-0.7540439165601948,-0.861764476068794,-0.6463233570515955,-2.1166823081190147,-2.4190654949931596,-1.8142991212448696
32,32,88000.0,5.0,0.0,0.00021447358,0.00023201646,0.0079985205,0.0013864252,0.027600033,0.00094881526,0.012679378,0.010647862,0.024034088,0.12782468,-12000,-0.013255605330988619,-0.015149263235415563,-0.01136194742656167,-0.052016413694714915,-0.05944732993681704,-0.04458549745261278,-1.4467053378025003,-1.653377528917143,-1.2400331466878574,-0.21661787340998728,-0.2475632838971283,-0.18567246292284623,-2.1380173153115094,-2.443448360356011,-1.832586270267008,-0.23179454848048667,-0.2649080554062705,-0.1986810415547029,-1.0246363294126442,-1.1710129479001647,-0.8782597109251236,-0.7273475763714796,-0.8312543729959767,-0.6234407797469825,-2.100930961900417,-2.401063956457619,-1.8007979673432144
33,33,88500.0,5.0,0.0,0.00021424112,9.213442e-05,0.009334927,0.0025931343,0.028282765,0.0009122075,0.016256368,0.012810403,0.029991813,0.17080624,-11500,-0.013241243504898362,-0.015132849719883842,-0.011349637289912881,-0.020674395745450963,-0.023627880851943957,-0.017720910638957966,-1.6768426835705164,-1.9163916383663044,-1.4372937287747283,-0.4029857291781074,-0.4605551190606942,-0.3454163392955206,-2.187599064139111,-2.5001132161589843,-1.8750849121192381,-0.22290826980202075,-0.2547523083451666,-0.19106423125887492,-1.302936542114913,-1.4890703338456148,-1.116802750384211,-0.8713913436784337,-0.9958758213467814,-0.746906866010086,-2.5832845919908904,-2.952325247989589,-2.214243935992192
34,34,89000.0,5.0,0.0,0.00021424098,8.689261e-05,0.009534574,0.0012979407,0.056459367,0.0009007299,0.013575072,0.01043608,0.00013789539,0.1647259,-11000,-0.013241234855425424,-0.015132839834771913,-0.011349629876078935,-0.01949882119098862,-0.022284367075415566,-0.016713275306561675,-1.7109523529044612,-1.9553741176050985,-1.466530588203824,-0.20287301123991053,-0.2318548699884692,-0.1738911524913519,-4.111001929266872,-4.69828791916214,-3.523715939371605,-0.22012122694396702,-0.2515671165073909,-0.18867533738054318,-1.0947544578156971,-1.251147951789368,-0.938360963842026,-0.7131756840054079,-0.8150579245776091,-0.6112934434332068,-0.01281914981564369,-0.014650456932164217,-0.010987842699123162
35,35,89500.0,5.0,0.0,0.00021423679,6.194719e-05,0.011068415,0.0006080235,0.05250776,0.0009523097,0.012971534,0.009981679,0.00013619287,0.13199274,-10500,-0.013240975989054889,-0.015132543987491299,-0.011349407990618475,-0.013903258276589043,-0.015889438030387476,-0.011917078522790609,-1.9706980221709738,-2.2522263110525413,-1.689169733289406,-0.09533007548101413,-0.10894865769258757,-0.08171149326944069,-3.8549628654030474,-4.405671846174911,-3.3042538846311835,-0.23264256201332736,-0.265877213729517,-0.19940791029713772,-1.0475391949225468,-1.1971876513400534,-0.8978907385050401,-0.6827287820394263,-0.7802614651879158,-0.5851960988909368,-0.012660935940638558,-0.014469641075015496,-0.010852230806261623
36,36,90000.0,5.0,0.0,0.00021423679,6.194719e-05,0.0055329925,0.000476091,0.044592522,0.0012740195,0.014891153,0.009620666,0.00013603894,0.13490954,-10000,-0.013240975989054889,-0.015132543987491299,-0.011349407990618475,-0.013903258276589043,-0.015889438030387476,-0.011917078522790609,-1.013676819337707,-1.158487793528808,-0.8688658451466061,-0.07468893914642875,-0.08535878759591857,-0.06401909069693892,-3.3291239572554874,-3.8047130940062712,-2.8535348205047035,-0.3105367027589512,-0.35489908886737276,-0.2661743166505296,-1.1972585207032695,-1.368295452232308,-1.026221589174231,-0.6585007208985866,-0.7525722524555275,-0.5644291893416457,-0.012646631273517955,-0.01445329288402052,-0.010839969663015389
37,37,90500.0,5.0,0.0,0.00021423679,6.194719e-05,0.0015625991,0.00061642914,0.020870939,0.0017998572,0.024100069,0.0075869467,0.00013601893,0.1423227,-9500,-0.013240975989054889,-0.015132543987491299,-0.011349407990618475,-0.013903258276589043,-0.015889438030387476,-0.011917078522790609,-0.29235329215194594,-0.3341180481736525,-0.25058853613023935,-0.09664433005231322,-0.11045066291692941,-0.08283799718769705,-1.6411955135041212,-1.8756520154332814,-1.406739011574961,-0.43710665859767894,-0.49955046696877586,-0.37466285022658197,-1.8975205887021749,-2.1685949585167714,-1.6264462188875786,-0.5213733841794909,-0.5958552962051324,-0.4468914721538493,-0.012644771749569893,-0.014451167713794164,-0.010838375785345623
38,38,91000.0,5.0,0.0,0.00021423679,6.194719e-05,0.00010569327,0.0004759215,0.006397755,0.0019337701,0.024051433,0.00815933,0.0001360189,0.14887077,-9000,-0.013240975989054889,-0.015132543987491299,-0.011349407990618475,-0.013903258276589043,-0.015889438030387476,-0.011917078522790609,-0.019929814750393047,-0.02277693114330634,-0.017082698357479754,-0.07466240478806768,-0.0853284626149345,-0.06399634696120088,-0.5199992601184437,-0.5942848687067928,-0.44571365153009457,-0.4691922819110921,-0.5362197507555337,-0.40216481306665036,-1.8938984418050533,-2.164455362062918,-1.6233415215471885,-0.5600780117361461,-0.6400891562698813,-0.48006686720241104,-0.012644768961677768,-0.014451164527631734,-0.0108383733957238
39,39,91500.0,5.0,0.0,0.00021423679,6.194719e-05,0.00010569327,0.0004759215,0.003476888,0.0020685657,0.020407196,0.003342901,0.0001360189,0.14245519,-8500,-0.013240975989054889,-0.015132543987491299,-0.011349407990618475,-0.013903258276589043,-0.015889438030387476,-0.011917078522790609,-0.019929814750393047,-0.02277693114330634,-0.017082698357479754,-0.07466240478806768,-0.0853284626149345,-0.06399634696120088,-0.2845258027571333,-0.3251723460081523,-0.24387925950611425,-0.501429294795762,-0.5730620511951566,-0.4297965383963675,-1.6202217917300183,-1.8516820476914495,-1.3887615357685872,-0.23165379229556327,-0.26474719119492945,-0.19856039339619708,-0.012644768961677768,-0.014451164527631734,-0.0108383733957238
40,40,92000.0,5.0,0.0,0.00021423679,6.194719e-05,0.00010569327,0.0004759215,0.001137119,0.0014524634,0.01517737,0.003795762,0.0001360189,0.14140591,-8000,-0.013240975989054889,-0.015132543987491299,-0.011349407990618475,-0.013903258276589043,-0.015889438030387476,-0.011917078522790609,-0.019929814750393047,-0.02277693114330634,-0.017082698357479754,-0.07466240478806768,-0.0853284626149345,-0.06399634696120088,-0.0935662559157153,-0.10693286390367462,-0.08019964792775597,-0.3535922126607689,-0.4041053858980216,-0.30307903942351616,-1.2194687717054968,-1.3936785962348535,-1.0452589471761402,-0.2628001726557426,-0.30034305446370585,-0.22525729084777937,-0.012644768961677768,-0.014451164527631734,-0.0108383733957238
41,41,92500.0,5.0,0.0,0.00021423679,6.194719e-05,0.00010569327,0.0004759215,0.00070815533,0.0009253124,0.011302165,0.00170264,0.0001360189,0.1359128,-7500,-0.013240975989054889,-0.015132543987491299,-0.011349407990618475,-0.013903258276589043,-0.015889438030387476,-0.011917078522790609,-0.019929814750393047,-0.02277693114330634,-0.017082698357479754,-0.07466240478806768,-0.0853284626149345,-0.06399634696120088,-0.05832839956465667,-0.06666102807389335,-0.04999577105542,-0.22608991491618288,-0.2583884741899233,-0.19379135564244246,-0.9162555749040684,-1.0471492284617925,-0.7853619213463443,-0.11837266777676822,-0.1352830488877351,-0.10146228666580133,-0.012644768961677768,-0.014451164527631734,-0.0108383733957238
42,42,93000.0,5.0,0.0,0.00021423679,6.194719e-05,0.00010569327,0.0004759215,0.00056091486,0.0008373099,0.0064371936,0.00078537804,0.0001360189,0.12591742,-7000,-0.013240975989054889,-0.015132543987491299,-0.011349407990618475,-0.013903258276589043,-0.015889438030387476,-0.011917078522790609,-0.019929814750393047,-0.02277693114330634,-0.017082698357479754,-0.07466240478806768,-0.0853284626149345,-0.06399634696120088,-0.046216706061426825,-0.052819092641630656,-0.039614319481222994,-0.2047132379789855,-0.23395798626169773,-0.1754684896962733,-0.5278046352316179,-0.6032052974075633,-0.4524039730556725,-0.054701517398289025,-0.06251601988375888,-0.04688701491281916,-0.012644768961677768,-0.014451164527631734,-0.0108383733957238
43,43,93500.0,5.0,0.0,0.00021423679,6.194719e-05,0.00010569327,0.0004759215,0.0005463033,0.0008977654,0.005053921,0.00042220243,0.00013601899,0.11896754,-6500,-0.013240975989054889,-0.015132543987491299,-0.011349407990618475,-0.013903258276589043,-0.015889438030387476,-0.011917078522790609,-0.019929814750393047,-0.02277693114330634,-0.017082698357479754,-0.07466240478806768,-0.0853284626149345,-0.06399634696120088,-0.045014331682200835,-0.05144495049394381,-0.038583712870457865,-0.21940130102540187,-0.25074434402903073,-0.18805825802177303,-0.4157332004147728,-0.4751236576168832,-0.3563427432126624,-0.029427633233682474,-0.033631580838494254,-0.02522368562887069,-0.012644777325354142,-0.014451174086119017,-0.010838380564589264
44,44,94000.0,5.0,0.0,0.00021423679,6.194719e-05,0.00010569327,0.0004759215,0.0005464578,0.00092470925,0.004273887,0.00041098986,0.00013601899,0.11320049,-6000,-0.013240975989054889,-0.015132543987491299,-0.011349407990618475,-0.013903258276589043,-0.015889438030387476,-0.011917078522790609,-0.019929814750393047,-0.02277693114330634,-0.017082698357479754,-0.07466240478806768,-0.0853284626149345,-0.06399634696120088,-0.045027045804731804,-0.05145948091969349,-0.03859461068977012,-0.22594349321390628,-0.25822113510160716,-0.19366585132620537,-0.3522136755670393,-0.4025299149337592,-0.30189743620031945,-0.02864675347219482,-0.03273914682536551,-0.02455436011902413,-0.012644777325354142,-0.014451174086119017,-0.010838380564589264
45,45,94500.0,5.0,0.0,0.00021423679,6.194719e-05,0.00010569327,0.0004759215,0.00054472825,0.00095456117,0.0032890087,0.00041072303,0.00013601892,0.11264307,-5500,-0.013240975989054889,-0.015132543987491299,-0.011349407990618475,-0.013903258276589043,-0.015889438030387476,-0.011917078522790609,-0.019929814750393047,-0.02277693114330634,-0.017082698357479754,-0.07466240478806768,-0.0853284626149345,-0.06399634696120088,-0.04488471705287251,-0.05129681948899715,-0.038472614616747856,-0.2331889157804161,-0.2665016180347613,-0.19987621352607093,-0.27167926447701835,-0.31049058797373524,-0.23286794098030145,-0.02862817014026202,-0.03271790873172802,-0.02453843154879602,-0.012644770820272518,-0.014451166651740021,-0.010838374988805015
46,46,95000.0,5.0,0.0,0.00021423679,6.194719e-05,0.00010569327,0.0004759215,0.00056670513,0.0009262302,0.0032597652,0.00041072303,0.00013601931,0.11242211,-5000,-0.013240975989054889,-0.015132543987491299,-0.011349407990618475,-0.013903258276589043,-0.015889438030387476,-0.011917078522790609,-0.019929814750393047,-0.02277693114330634,-0.017082698357479754,-0.07466240478806768,-0.0853284626149345,-0.06399634696120088,-0.04669316017859929,-0.0533636116326849,-0.04002270872451368,-0.22631271921272553,-0.25864310767168636,-0.19398233075376473,-0.26928227275452554,-0.3077511688623149,-0.2308133766467362,-0.02862817014026202,-0.03271790873172802,-0.02453843154879602,-0.012644807062870097,-0.014451208071851542,-0.010838406053888656
47,47,95500.0,5.0,0.0,0.00021423679,6.194719e-05,0.00010569327,0.0004759215,0.0005650342,0.0008967784,0.003077282,0.00041072303,0.0001360193,0.11277729,-4500,-0.013240975989054889,-0.015132543987491299,-0.011349407990618475,-0.013903258276589043,-0.015889438030387476,-0.011917078522790609,-0.019929814750393047,-0.02277693114330634,-0.017082698357479754,-0.07466240478806768,-0.0853284626149345,-0.06399634696120088,-0.04655566853180892,-0.05320647832206733,-0.039904858741550496,-0.21916160242963942,-0.25047040277673077,-0.18785280208254806,-0.25431725837113983,-0.29064829528130265,-0.217986221460977,-0.02862817014026202,-0.03271790873172802,-0.02453843154879602,-0.012644806133572724,-0.014451207009797398,-0.010838405257348048
48,48,96000.0,5.0,0.0,0.00021423679,6.194719e-05,0.00010569327,0.0004759215,0.0005417976,0.00086732744,0.0029619,0.00041072303,0.0001360189,0.111737885,-4000,-0.013240975989054889,-0.015132543987491299,-0.011349407990618475,-0.013903258276589043,-0.015889438030387476,-0.011917078522790609,-0.019929814750393047,-0.02277693114330634,-0.017082698357479754,-0.07466240478806768,-0.0853284626149345,-0.06399634696120088,-0.04464354430103607,-0.05102119348689837,-0.038265895115173774,-0.21200774790922403,-0.24229456903911317,-0.18172092677933485,-0.24484839735349037,-0.27982673983256046,-0.20987005487442031,-0.02862817014026202,-0.03271790873172802,-0.02453843154879602,-0.012644768961677768,-0.014451164527631734,-0.0108383733957238
49,49,96500.0,5.0,0.0,0.00021423679,6.194719e-05,0.00010569327,0.0004759215,0.0005418024,0.00085097196,0.0028399383,0.00041072303,0.0001360189,0.1100772,-3500,-0.013240975989054889,-0.015132543987491299,-0.011349407990618475,-0.013903258276589043,-0.015889438030387476,-0.011917078522790609,-0.019929814750393047,-0.02277693114330634,-0.017082698357479754,-0.07466240478806768,-0.0853284626149345,-0.06399634696120088,-0.04464393931142038,-0.05102164492733759,-0.038266233695503186,-0.20803361057275027,-0.23775269779742889,-0.17831452334807166,-0.23483395878391894,-0.26838166718162165,-0.20128625038621623,-0.02862817014026202,-0.03271790873172802,-0.02453843154879602,-0.012644768961677768,-0.014451164527631734,-0.0108383733957238
50,50,97000.0,5.0,0.0,0.00021423679,6.194719e-05,0.00010569327,0.0004759215,0.00054167816,0.00081870036,0.0026776036,0.00041072303,0.0001360189,0.109971166,-3000,-0.013240975989054889,-0.015132543987491299,-0.011349407990618475,-0.013903258276589043,-0.015889438030387476,-0.011917078522790609,-0.019929814750393047,-0.02277693114330634,-0.017082698357479754,-0.07466240478806768,-0.0853284626149345,-0.06399634696120088,-0.044633715123098064,-0.05100996014068351,-0.03825747010551263,-0.20018942986510996,-0.22878791984583996,-0.17159093988437996,-0.2214954826394669,-0.253137694445105,-0.18985327083382875,-0.02862817014026202,-0.03271790873172802,-0.02453843154879602,-0.012644768961677768,-0.014451164527631734,-0.0108383733957238
51,51,97500.0,5.0,0.0,0.00021423679,6.194719e-05,0.00010569327,0.0004759215,0.0005415507,0.000854542,0.0032067162,0.00041072303,0.0001360189,0.1105401,-2500,-0.013240975989054889,-0.015132543987491299,-0.011349407990618475,-0.013903258276589043,-0.015889438030387476,-0.011917078522790609,-0.019929814750393047,-0.02277693114330634,-0.017082698357479754,-0.07466240478806768,-0.0853284626149345,-0.06399634696120088,-0.044623225942352886,-0.050997972505546156,-0.038248479379159615,-0.20890115443207855,-0.23874417649380406,-0.17905813237035303,-0.2649331792900157,-0.3027807763314465,-0.22708558224858488,-0.02862817014026202,-0.03271790873172802,-0.02453843154879602,-0.012644768961677768,-0.014451164527631734,-0.0108383733957238
52,52,98000.0,5.0,0.0,0.00021423679,6.194719e-05,0.00010569327,0.0004759215,0.0005415507,0.00083731173,0.0030807476,0.00041072303,0.0001360189,0.1101775,-2000,-0.013240975989054889,-0.015132543987491299,-0.011349407990618475,-0.013903258276589043,-0.015889438030387476,-0.011917078522790609,-0.019929814750393047,-0.02277693114330634,-0.017082698357479754,-0.07466240478806768,-0.0853284626149345,-0.06399634696120088,-0.044623225942352886,-0.050997972505546156,-0.038248479379159615,-0.20471368277732915,-0.2339584946026619,-0.17546887095199643,-0.2546015841406044,-0.2909732390178336,-0.21822992926337523,-0.02862817014026202,-0.03271790873172802,-0.02453843154879602,-0.012644768961677768,-0.014451164527631734,-0.0108383733957238
53,53,98500.0,5.0,0.0,0.00021423679,6.194719e-05,0.00010569327,0.0004759215,0.0005415507,0.00075550424,0.0022557655,0.00041072303,0.0001360189,0.109015875,-1500,-0.013240975989054889,-0.015132543987491299,-0.011349407990618475,-0.013903258276589043,-0.015889438030387476,-0.011917078522790609,-0.019929814750393047,-0.02277693114330634,-0.017082698357479754,-0.07466240478806768,-0.0853284626149345,-0.06399634696120088,-0.044623225942352886,-0.050997972505546156,-0.038248479379159615,-0.18481825020068143,-0.21122085737220733,-0.15841564302915548,-0.18678661382061246,-0.21347041579498566,-0.16010281184623923,-0.02862817014026202,-0.03271790873172802,-0.02453843154879602,-0.012644768961677768,-0.014451164527631734,-0.0108383733957238
54,54,99000.0,5.0,0.0,0.00021423679,6.194719e-05,0.00010569327,0.0004759215,0.0005415507,0.00075550424,0.0022557655,0.00041072303,0.0001360189,0.109015875,-1000,-0.013240975989054889,-0.015132543987491299,-0.011349407990618475,-0.013903258276589043,-0.015889438030387476,-0.011917078522790609,-0.019929814750393047,-0.02277693114330634,-0.017082698357479754,-0.07466240478806768,-0.0853284626149345,-0.06399634696120088,-0.044623225942352886,-0.050997972505546156,-0.038248479379159615,-0.18481825020068143,-0.21122085737220733,-0.15841564302915548,-0.18678661382061246,-0.21347041579498566,-0.16010281184623923,-0.02862817014026202,-0.03271790873172802,-0.02453843154879602,-0.012644768961677768,-0.014451164527631734,-0.0108383733957238
55,55,99500.0,5.0,0.0,0.00021423679,6.194719e-05,0.00010569327,0.0004759215,0.0005415507,0.00075550424,0.0022557655,0.00041072303,0.0001360189,0.109015875,-500,-0.013240975989054889,-0.015132543987491299,-0.011349407990618475,-0.013903258276589043,-0.015889438030387476,-0.011917078522790609,-0.019929814750393047,-0.02277693114330634,-0.017082698357479754,-0.07466240478806768,-0.0853284626149345,-0.06399634696120088,-0.044623225942352886,-0.050997972505546156,-0.038248479379159615,-0.18481825020068143,-0.21122085737220733,-0.15841564302915548,-0.18678661382061246,-0.21347041579498566,-0.16010281184623923,-0.02862817014026202,-0.03271790873172802,-0.02453843154879602,-0.012644768961677768,-0.014451164527631734,-0.0108383733957238
56,56,100000.0,5.0,0.0,0.00021423679,6.194719e-05,0.00010569327,0.0004759215,0.0005415507,0.00075550424,0.0022557655,0.00041072303,0.0001360189,0.109015875,0,-0.013240975989054889,-0.015132543987491299,-0.011349407990618475,-0.013903258276589043,-0.015889438030387476,-0.011917078522790609,-0.019929814750393047,-0.02277693114330634,-0.017082698357479754,-0.07466240478806768,-0.0853284626149345,-0.06399634696120088,-0.044623225942352886,-0.050997972505546156,-0.038248479379159615,-0.18481825020068143,-0.21122085737220733,-0.15841564302915548,-0.18678661382061246,-0.21347041579498566,-0.16010281184623923,-0.02862817014026202,-0.03271790873172802,-0.02453843154879602,-0.012644768961677768,-0.014451164527631734,-0.0108383733957238
57,57,100500.0,5.0,0.0,0.00021423679,6.194719e-05,0.00010569327,0.0004759215,0.0005415507,0.00075550424,0.0022557655,0.00041072303,0.0001360189,0.109015875,500,-0.013240975989054889,-0.015132543987491299,-0.011349407990618475,-0.013903258276589043,-0.015889438030387476,-0.011917078522790609,-0.019929814750393047,-0.02277693114330634,-0.017082698357479754,-0.07466240478806768,-0.0853284626149345,-0.06399634696120088,-0.044623225942352886,-0.050997972505546156,-0.038248479379159615,-0.18481825020068143,-0.21122085737220733,-0.15841564302915548,-0.18678661382061246,-0.21347041579498566,-0.16010281184623923,-0.02862817014026202,-0.03271790873172802,-0.02453843154879602,-0.012644768961677768,-0.014451164527631734,-0.0108383733957238
58,58,101000.0,5.0,0.0,0.00021423679,6.194719e-05,0.00010569327,0.0004759215,0.0005415507,0.00075550424,0.0022557655,0.00041072303,0.0001360189,0.109015875,1000,-0.013240975989054889,-0.015132543987491299,-0.011349407990618475,-0.013903258276589043,-0.015889438030387476,-0.011917078522790609,-0.019929814750393047,-0.02277693114330634,-0.017082698357479754,-0.07466240478806768,-0.0853284626149345,-0.06399634696120088,-0.044623225942352886,-0.050997972505546156,-0.038248479379159615,-0.18481825020068143,-0.21122085737220733,-0.15841564302915548,-0.18678661382061246,-0.21347041579498566,-0.16010281184623923,-0.02862817014026202,-0.03271790873172802,-0.02453843154879602,-0.012644768961677768,-0.014451164527631734,-0.0108383733957238
59,59,101500.0,5.0,0.0,0.00021423679,6.194719e-05,0.00010569327,0.0004759215,0.0005415507,0.00075550424,0.0022557655,0.00041072303,0.0001360189,0.109015875,1500,-0.013240975989054889,-0.015132543987491299,-0.011349407990618475,-0.013903258276589043,-0.015889438030387476,-0.011917078522790609,-0.019929814750393047,-0.02277693114330634,-0.017082698357479754,-0.07466240478806768,-0.0853284626149345,-0.06399634696120088,-0.044623225942352886,-0.050997972505546156,-0.038248479379159615,-0.18481825020068143,-0.21122085737220733,-0.15841564302915548,-0.18678661382061246,-0.21347041579498566,-0.16010281184623923,-0.02862817014026202,-0.03271790873172802,-0.02453843154879602,-0.012644768961677768,-0.014451164527631734,-0.0108383733957238
60,60,102000.0,5.0,0.0,0.00021423679,6.194719e-05,0.00010569327,0.0004759215,0.0005415507,0.00075550424,0.0022557655,0.00041072303,0.0001360189,0.109015875,2000,-0.013240975989054889,-0.015132543987491299,-0.011349407990618475,-0.013903258276589043,-0.015889438030387476,-0.011917078522790609,-0.019929814750393047,-0.02277693114330634,-0.017082698357479754,-0.07466240478806768,-0.0853284626149345,-0.06399634696120088,-0.044623225942352886,-0.050997972505546156,-0.038248479379159615,-0.18481825020068143,-0.21122085737220733,-0.15841564302915548,-0.18678661382061246,-0.21347041579498566,-0.16010281184623923,-0.02862817014026202,-0.03271790873172802,-0.02453843154879602,-0.012644768961677768,-0.014451164527631734,-0.0108383733957238
