sample_id,entity_id,sample_thickness,depth_sample,mineralogy,arag_corr
456606,803,0.9,779.0,calcite,not applicable
456607,803,0.9,779.25,calcite,not applicable
456608,803,0.9,779.5,calcite,not applicable
456609,803,0.9,779.75,calcite,not applicable
456610,803,0.9,780.0,calcite,not applicable
456611,803,0.9,780.25,calcite,not applicable
456612,803,0.9,780.5,calcite,not applicable
456613,803,0.9,780.75,calcite,not applicable
456614,803,0.9,781.0,calcite,not applicable
456615,803,0.9,781.25,calcite,not applicable
456616,803,0.9,781.5,calcite,not applicable
456617,803,0.9,781.75,calcite,not applicable
456618,803,0.9,782.0,calcite,not applicable
456619,803,0.9,782.25,calcite,not applicable
456620,803,0.9,782.5,calcite,not applicable
456621,803,0.9,782.75,calcite,not applicable
456622,803,0.9,783.0,calcite,not applicable
456623,803,0.9,783.25,calcite,not applicable
456624,803,0.9,783.5,calcite,not applicable
456625,803,0.9,783.75,calcite,not applicable
456626,803,0.9,784.0,calcite,not applicable
456627,803,0.9,784.25,calcite,not applicable
456628,803,0.9,784.5,calcite,not applicable
456629,803,0.9,784.75,calcite,not applicable
456630,803,0.9,785.0,calcite,not applicable
456631,803,0.9,785.25,calcite,not applicable
456632,803,0.9,785.5,calcite,not applicable
456633,803,0.9,785.75,calcite,not applicable
456634,803,0.9,786.0,calcite,not applicable
456635,803,0.9,786.25,calcite,not applicable
456636,803,0.9,786.5,calcite,not applicable
456637,803,0.9,786.75,calcite,not applicable
456638,803,0.9,787.0,calcite,not applicable
456639,803,0.9,787.25,calcite,not applicable
456640,803,0.9,787.5,calcite,not applicable
456641,803,0.9,787.75,calcite,not applicable
456642,803,0.9,788.0,calcite,not applicable
456643,803,0.9,788.25,calcite,not applicable
456644,803,0.9,788.5,calcite,not applicable
456645,803,0.9,788.75,calcite,not applicable
456646,803,0.9,789.0,calcite,not applicable
456647,803,0.9,789.25,calcite,not applicable
456648,803,0.9,789.5,calcite,not applicable
456649,803,0.9,789.75,calcite,not applicable
456650,803,0.9,790.0,calcite,not applicable
456651,803,0.9,790.25,calcite,not applicable
456652,803,0.9,790.5,calcite,not applicable
456653,803,0.9,790.75,calcite,not applicable
456654,803,0.9,791.0,calcite,not applicable
456655,803,0.9,791.25,calcite,not applicable
456656,803,0.9,791.5,calcite,not applicable
456657,803,0.9,791.75,calcite,not applicable
456658,803,0.9,792.0,calcite,not applicable
456659,803,0.9,792.25,calcite,not applicable
456660,803,0.9,792.5,calcite,not applicable
456661,803,0.9,792.75,calcite,not applicable
456662,803,0.9,793.0,calcite,not applicable
456663,803,0.9,793.25,calcite,not applicable
456664,803,0.9,793.5,calcite,not applicable
456665,803,0.9,793.75,calcite,not applicable
456666,803,0.9,794.0,calcite,not applicable
456667,803,0.9,794.25,calcite,not applicable
456668,803,0.9,794.5,calcite,not applicable
456669,803,0.9,794.75,calcite,not applicable
456670,803,0.9,795.0,calcite,not applicable
456671,803,0.9,795.25,calcite,not applicable
456672,803,0.9,795.5,calcite,not applicable
456673,803,0.9,795.75,calcite,not applicable
456674,803,0.9,796.0,calcite,not applicable
456675,803,0.9,796.25,calcite,not applicable
456676,803,0.9,796.5,calcite,not applicable
456677,803,0.9,796.75,calcite,not applicable
456678,803,0.9,797.0,calcite,not applicable
456679,803,0.9,797.25,calcite,not applicable
456680,803,0.9,797.5,calcite,not applicable
456681,803,0.9,797.75,calcite,not applicable
456682,803,0.9,798.0,calcite,not applicable
456683,803,0.9,798.25,calcite,not applicable
456684,803,0.9,798.5,calcite,not applicable
456685,803,0.9,798.75,calcite,not applicable
456686,803,0.9,799.0,calcite,not applicable
456687,803,0.9,799.25,calcite,not applicable
456688,803,0.9,799.5,calcite,not applicable
456689,803,0.9,799.75,calcite,not applicable
456690,803,0.9,800.0,calcite,not applicable
456691,803,0.9,800.25,calcite,not applicable
456692,803,0.9,800.5,calcite,not applicable
456693,803,0.9,800.75,calcite,not applicable
456694,803,0.9,801.0,calcite,not applicable
456695,803,0.9,801.25,calcite,not applicable
456696,803,0.9,801.5,calcite,not applicable
456697,803,0.9,801.75,calcite,not applicable
456698,803,0.9,802.0,calcite,not applicable
456699,803,0.9,802.25,calcite,not applicable
456700,803,0.9,802.5,calcite,not applicable
456701,803,0.9,802.75,calcite,not applicable
456702,803,0.9,803.0,calcite,not applicable
456703,803,0.9,803.25,calcite,not applicable
456704,803,0.9,803.5,calcite,not applicable
456705,803,0.9,803.75,calcite,not applicable
456706,803,0.9,804.0,calcite,not applicable
456707,803,0.9,804.25,calcite,not applicable
456708,803,0.9,804.5,calcite,not applicable
456709,803,0.9,804.75,calcite,not applicable
456710,803,0.9,805.0,calcite,not applicable
456711,803,0.9,805.25,calcite,not applicable
456712,803,0.9,805.5,calcite,not applicable
456713,803,0.9,805.75,calcite,not applicable
456714,803,0.9,806.0,calcite,not applicable
456715,803,0.9,806.25,calcite,not applicable
456716,803,0.9,806.5,calcite,not applicable
456717,803,0.9,806.75,calcite,not applicable
456718,803,0.9,807.0,calcite,not applicable
456719,803,0.9,807.25,calcite,not applicable
456720,803,0.9,807.5,calcite,not applicable
456721,803,0.9,807.75,calcite,not applicable
456722,803,0.9,808.0,calcite,not applicable
456723,803,0.9,808.25,calcite,not applicable
456724,803,0.9,808.5,calcite,not applicable
456725,803,0.9,808.75,calcite,not applicable
456726,803,0.9,809.0,calcite,not applicable
456727,803,0.9,809.25,calcite,not applicable
456728,803,0.9,809.5,calcite,not applicable
456729,803,0.9,809.75,calcite,not applicable
456730,803,0.9,810.0,calcite,not applicable
456731,803,0.9,810.25,calcite,not applicable
456732,803,0.9,810.5,calcite,not applicable
456733,803,0.9,810.75,calcite,not applicable
456734,803,0.9,811.0,calcite,not applicable
456735,803,0.9,811.25,calcite,not applicable
456736,803,0.9,811.5,calcite,not applicable
456737,803,0.9,811.75,calcite,not applicable
456738,803,0.9,812.0,calcite,not applicable
456739,803,0.9,812.25,calcite,not applicable
456740,803,0.9,812.5,calcite,not applicable
456741,803,0.9,812.75,calcite,not applicable
456742,803,0.9,813.0,calcite,not applicable
456743,803,0.9,813.25,calcite,not applicable
456744,803,0.9,813.5,calcite,not applicable
456745,803,0.9,813.75,calcite,not applicable
456746,803,0.9,814.0,calcite,not applicable
456747,803,0.9,814.25,calcite,not applicable
456748,803,0.9,814.5,calcite,not applicable
456749,803,0.9,814.75,calcite,not applicable
456750,803,0.9,815.0,calcite,not applicable
456751,803,0.9,815.25,calcite,not applicable
456752,803,0.9,815.5,calcite,not applicable
456753,803,0.9,815.75,calcite,not applicable
456754,803,0.9,816.0,calcite,not applicable
456755,803,0.9,816.25,calcite,not applicable
456756,803,0.9,816.5,calcite,not applicable
456757,803,0.9,816.75,calcite,not applicable
456758,803,0.9,817.0,calcite,not applicable
456759,803,0.9,817.25,calcite,not applicable
456760,803,0.9,817.5,calcite,not applicable
456761,803,0.9,817.75,calcite,not applicable
456762,803,0.9,818.0,calcite,not applicable
456763,803,0.9,818.25,calcite,not applicable
456764,803,0.9,818.5,calcite,not applicable
456765,803,0.9,818.75,calcite,not applicable
456766,803,0.9,819.0,calcite,not applicable
456767,803,0.9,819.25,calcite,not applicable
456768,803,0.9,819.5,calcite,not applicable
456769,803,0.9,819.75,calcite,not applicable
456770,803,0.9,819.99,calcite,not applicable
456771,803,0.9,820.25,calcite,not applicable
456772,803,0.9,820.5,calcite,not applicable
456773,803,0.9,820.75,calcite,not applicable
456774,803,0.9,821.0,calcite,not applicable
456775,803,0.9,821.25,calcite,not applicable
456776,803,0.9,821.5,calcite,not applicable
456777,803,0.9,821.75,calcite,not applicable
456778,803,0.9,822.0,calcite,not applicable
456779,803,0.9,822.25,calcite,not applicable
456780,803,0.9,822.5,calcite,not applicable
456781,803,0.9,822.75,calcite,not applicable
456782,803,0.9,823.0,calcite,not applicable
456783,803,0.9,823.25,calcite,not applicable
456784,803,0.9,823.5,calcite,not applicable
456785,803,0.9,823.75,calcite,not applicable
456786,803,0.9,824.0,calcite,not applicable
456787,803,0.9,824.25,calcite,not applicable
456788,803,0.9,824.5,calcite,not applicable
456789,803,0.9,824.75,calcite,not applicable
456790,803,0.9,825.0,calcite,not applicable
456791,803,0.9,825.25,calcite,not applicable
456792,803,0.9,825.5,calcite,not applicable
456793,803,0.9,825.75,calcite,not applicable
456794,803,0.9,826.0,calcite,not applicable
456795,803,0.9,826.25,calcite,not applicable
456796,803,0.9,826.48,calcite,not applicable
456797,803,0.9,826.5,calcite,not applicable
456798,803,0.9,826.75,calcite,not applicable
456799,803,0.9,827.0,calcite,not applicable
456800,803,0.9,827.25,calcite,not applicable
456801,803,0.9,827.5,calcite,not applicable
456802,803,0.9,827.75,calcite,not applicable
456803,803,0.9,828.0,calcite,not applicable
456804,803,0.9,828.25,calcite,not applicable
456805,803,0.9,828.5,calcite,not applicable
456806,803,0.9,828.75,calcite,not applicable
456807,803,0.9,829.0,calcite,not applicable
456808,803,0.9,829.25,calcite,not applicable
456809,803,0.9,829.5,calcite,not applicable
456810,803,0.9,829.75,calcite,not applicable
456811,803,0.9,830.0,calcite,not applicable
456812,803,0.9,830.25,calcite,not applicable
456813,803,0.9,830.5,calcite,not applicable
456814,803,0.9,830.75,calcite,not applicable
456815,803,0.9,831.0,calcite,not applicable
456816,803,0.9,831.25,calcite,not applicable
456817,803,0.9,831.5,calcite,not applicable
456818,803,0.9,831.75,calcite,not applicable
456819,803,0.9,832.0,calcite,not applicable
456820,803,0.9,832.25,calcite,not applicable
456821,803,0.9,832.5,calcite,not applicable
456822,803,0.9,832.75,calcite,not applicable
456823,804,0.9,0.0,calcite,not applicable
456824,804,0.9,12.0,calcite,not applicable
456825,804,0.9,24.0,calcite,not applicable
456826,804,0.9,36.0,calcite,not applicable
456827,804,0.9,48.0,calcite,not applicable
456828,804,0.9,60.0,calcite,not applicable
456829,804,0.9,74.0,calcite,not applicable
456830,804,0.9,86.0,calcite,not applicable
456831,804,0.9,98.0,calcite,not applicable
456832,804,0.9,110.0,calcite,not applicable
456833,804,0.9,122.0,calcite,not applicable
456834,804,0.9,134.0,calcite,not applicable
456835,804,0.9,146.0,calcite,not applicable
456836,804,0.9,158.0,calcite,not applicable
456837,804,0.9,170.0,calcite,not applicable
456838,804,0.9,182.0,calcite,not applicable
456839,804,0.9,194.0,calcite,not applicable
456840,804,0.9,205.0,calcite,not applicable
456841,804,0.9,217.0,calcite,not applicable
456842,804,0.9,229.0,calcite,not applicable
456843,804,0.9,241.0,calcite,not applicable
456844,804,0.9,253.0,calcite,not applicable
456845,804,0.9,266.0,calcite,not applicable
456846,804,0.9,278.0,calcite,not applicable
456847,804,0.9,290.0,calcite,not applicable
456848,804,0.9,302.0,calcite,not applicable
456849,804,0.9,314.0,calcite,not applicable
456850,804,0.9,326.0,calcite,not applicable
456851,804,0.9,338.0,calcite,not applicable
456852,804,0.9,350.0,calcite,not applicable
456853,804,0.9,362.0,calcite,not applicable
456854,804,0.9,370.0,calcite,not applicable
456855,804,0.9,382.0,calcite,not applicable
456856,804,0.9,400.0,calcite,not applicable
456857,804,0.9,414.0,calcite,not applicable
456858,804,0.9,422.0,calcite,not applicable
456859,804,0.9,430.0,calcite,not applicable
456860,804,0.9,437.0,calcite,not applicable
456861,804,0.9,446.0,calcite,not applicable
456862,804,0.9,454.0,calcite,not applicable
456863,804,0.9,462.0,calcite,not applicable
456864,804,0.9,470.0,calcite,not applicable
456865,804,0.9,477.0,calcite,not applicable
456866,804,0.9,486.0,calcite,not applicable
456867,804,0.9,494.0,calcite,not applicable
456868,804,0.9,502.0,calcite,not applicable
456869,804,0.9,510.0,calcite,not applicable
456870,804,0.9,516.0,calcite,not applicable
456871,804,0.9,526.0,calcite,not applicable
456872,804,0.9,534.0,calcite,not applicable
456873,804,0.9,542.0,calcite,not applicable
456874,804,0.9,550.0,calcite,not applicable
456875,804,0.9,556.0,calcite,not applicable
456876,804,0.9,566.0,calcite,not applicable
456877,804,0.9,574.0,calcite,not applicable
456878,804,0.9,582.0,calcite,not applicable
456879,804,0.9,590.0,calcite,not applicable
456880,804,0.9,596.0,calcite,not applicable
456881,804,0.9,606.0,calcite,not applicable
456882,804,0.9,610.0,calcite,not applicable
456883,804,0.9,614.0,calcite,not applicable
456884,804,0.9,618.0,calcite,not applicable
456885,804,0.9,622.0,calcite,not applicable
456886,804,0.9,626.0,calcite,not applicable
456887,804,0.9,630.0,calcite,not applicable
456888,804,0.9,634.0,calcite,not applicable
456889,804,0.9,636.0,calcite,not applicable
456890,804,0.9,642.0,calcite,not applicable
456891,804,0.9,646.0,calcite,not applicable
456892,804,0.9,650.0,calcite,not applicable
456893,804,0.9,654.0,calcite,not applicable
456894,804,0.9,656.0,calcite,not applicable
456895,804,0.9,662.0,calcite,not applicable
456896,804,0.9,666.0,calcite,not applicable
456897,804,0.9,670.0,calcite,not applicable
456898,804,0.9,674.0,calcite,not applicable
456899,804,0.9,676.0,calcite,not applicable
456900,804,0.9,682.0,calcite,not applicable
456901,804,0.9,686.0,calcite,not applicable
456902,804,0.9,690.0,calcite,not applicable
456903,804,0.9,694.0,calcite,not applicable
456904,804,0.9,696.0,calcite,not applicable
456905,804,0.9,702.0,calcite,not applicable
456906,804,0.9,706.0,calcite,not applicable
456907,804,0.9,709.0,calcite,not applicable
456908,804,0.9,712.0,calcite,not applicable
456909,804,0.9,716.0,calcite,not applicable
456910,804,0.9,720.0,calcite,not applicable
456911,804,0.9,724.0,calcite,not applicable
456912,804,0.9,729.0,calcite,not applicable
456913,804,0.9,733.0,calcite,not applicable
456914,804,0.9,738.0,calcite,not applicable
456915,804,0.9,742.0,calcite,not applicable
456916,804,0.9,747.0,calcite,not applicable
456917,804,,751.0,,
456918,804,0.9,792.999999999997,calcite,not applicable
456919,804,0.9,794.999999999997,calcite,not applicable
456920,804,0.9,796.999999999997,calcite,not applicable
456921,804,0.9,798.999999999998,calcite,not applicable
456922,804,0.9,800.999999999998,calcite,not applicable
456923,804,0.9,802.999999999998,calcite,not applicable
456924,804,0.9,804.999999999998,calcite,not applicable
456925,804,0.9,806.999999999998,calcite,not applicable
456926,804,0.9,808.999999999998,calcite,not applicable
456927,804,0.9,810.999999999999,calcite,not applicable
456928,804,0.9,812.999999999999,calcite,not applicable
456929,804,0.9,814.999999999999,calcite,not applicable
456930,804,0.9,816.999999999999,calcite,not applicable
456931,804,0.9,818.999999999999,calcite,not applicable
456932,804,0.9,821.0,calcite,not applicable
456933,804,0.9,823.0,calcite,not applicable
456934,804,0.9,825.0,calcite,not applicable
456935,804,0.9,827.0,calcite,not applicable
456936,804,0.9,828.0,calcite,not applicable
456937,804,0.9,829.0,calcite,not applicable
456938,804,0.9,830.0,calcite,not applicable
456939,804,0.9,831.0,calcite,not applicable
456940,804,0.9,832.0,calcite,not applicable
456941,804,0.9,833.0,calcite,not applicable
456942,804,0.9,834.0,calcite,not applicable
456943,804,0.9,835.000000000001,calcite,not applicable
456944,804,0.9,836.000000000001,calcite,not applicable
456945,804,0.9,837.000000000001,calcite,not applicable
456946,804,0.9,838.000000000001,calcite,not applicable
456947,804,0.9,839.000000000001,calcite,not applicable
456948,804,0.9,840.000000000001,calcite,not applicable
456949,805,0.9,28.5,calcite,not applicable
456950,805,0.9,30.0,calcite,not applicable
456951,805,0.9,35.0,calcite,not applicable
456952,805,0.9,40.0,calcite,not applicable
456953,805,0.9,45.0,calcite,not applicable
456954,805,0.9,50.0,calcite,not applicable
456955,805,0.9,55.0,calcite,not applicable
456956,805,0.9,60.0,calcite,not applicable
456957,805,0.9,65.0,calcite,not applicable
456958,805,0.9,70.0,calcite,not applicable
456959,805,0.9,75.0,calcite,not applicable
456960,805,0.9,80.0,calcite,not applicable
456961,805,0.9,85.0,calcite,not applicable
456962,805,0.9,87.0,calcite,not applicable
456963,805,0.9,90.0,calcite,not applicable
456964,805,0.9,92.0,calcite,not applicable
456965,805,0.9,95.0,calcite,not applicable
456966,805,0.9,97.0,calcite,not applicable
456967,805,0.9,100.0,calcite,not applicable
456968,805,0.9,102.0,calcite,not applicable
456969,805,0.9,105.0,calcite,not applicable
456970,805,0.9,107.0,calcite,not applicable
456971,805,0.9,110.0,calcite,not applicable
456972,805,0.9,112.0,calcite,not applicable
456973,805,0.9,115.0,calcite,not applicable
456974,805,0.9,120.0,calcite,not applicable
456975,805,0.9,125.0,calcite,not applicable
456976,805,0.9,130.0,calcite,not applicable
456977,805,0.9,135.0,calcite,not applicable
456978,805,0.9,140.0,calcite,not applicable
456979,805,0.9,145.0,calcite,not applicable
456980,805,0.9,150.0,calcite,not applicable
456981,805,0.9,155.0,calcite,not applicable
456982,805,0.9,160.0,calcite,not applicable
456983,805,0.9,165.0,calcite,not applicable
456984,805,0.9,170.0,calcite,not applicable
456985,805,0.9,172.0,calcite,not applicable
456986,805,0.9,175.0,calcite,not applicable
456987,805,0.9,177.0,calcite,not applicable
456988,805,0.9,182.0,calcite,not applicable
456989,805,0.9,187.0,calcite,not applicable
456990,805,0.9,190.0,calcite,not applicable
456991,805,0.9,192.0,calcite,not applicable
456992,805,0.9,195.0,calcite,not applicable
456993,805,0.9,197.0,calcite,not applicable
456994,805,0.9,200.0,calcite,not applicable
456995,805,0.9,205.0,calcite,not applicable
456996,805,0.9,210.0,calcite,not applicable
456997,805,0.9,215.0,calcite,not applicable
456998,805,0.9,220.0,calcite,not applicable
456999,805,0.9,225.0,calcite,not applicable
457000,805,0.9,230.0,calcite,not applicable
457001,805,0.9,235.0,calcite,not applicable
457002,805,0.9,240.0,calcite,not applicable
457003,805,0.9,245.0,calcite,not applicable
457004,805,0.9,250.0,calcite,not applicable
457005,805,,252.5,,
457006,805,0.9,255.0,calcite,not applicable
457007,805,0.9,260.0,calcite,not applicable
457008,805,0.9,265.0,calcite,not applicable
457009,805,0.9,270.0,calcite,not applicable
457010,805,0.9,275.0,calcite,not applicable
457011,805,0.9,280.0,calcite,not applicable
457012,805,0.9,285.0,calcite,not applicable
457013,805,0.9,290.0,calcite,not applicable
457014,805,0.9,295.0,calcite,not applicable
457015,805,0.9,300.0,calcite,not applicable
457016,805,0.9,305.0,calcite,not applicable
457017,805,0.9,310.0,calcite,not applicable
457018,805,0.9,315.0,calcite,not applicable
457019,805,0.9,320.0,calcite,not applicable
457020,806,0.9,1.0,calcite,not applicable
457021,806,0.9,2.0,calcite,not applicable
457022,806,0.9,3.0,calcite,not applicable
457023,806,0.9,4.0,calcite,not applicable
457024,806,0.9,5.0,calcite,not applicable
457025,806,0.9,6.0,calcite,not applicable
457026,806,0.9,7.0,calcite,not applicable
457027,806,0.9,8.0,calcite,not applicable
457028,806,0.9,9.0,calcite,not applicable
457029,806,0.9,10.0,calcite,not applicable
457030,806,0.9,11.0,calcite,not applicable
457031,806,0.9,12.0,calcite,not applicable
457032,806,0.9,13.0,calcite,not applicable
457033,806,0.9,14.0,calcite,not applicable
457034,806,0.9,15.0,calcite,not applicable
457035,806,0.9,16.0,calcite,not applicable
457036,806,0.9,17.0,calcite,not applicable
457037,806,0.9,18.0,calcite,not applicable
457038,806,0.9,19.0,calcite,not applicable
457039,806,0.9,20.0,calcite,not applicable
457040,806,0.9,21.0,calcite,not applicable
457041,806,0.9,22.0,calcite,not applicable
457042,806,0.9,23.0,calcite,not applicable
457043,806,0.9,24.0,calcite,not applicable
457044,806,0.9,25.0,calcite,not applicable
457045,806,0.9,26.0,calcite,not applicable
457046,806,0.9,27.0,calcite,not applicable
457047,806,0.9,28.0,calcite,not applicable
457048,806,0.9,29.0,calcite,not applicable
457049,806,0.9,30.0,calcite,not applicable
457050,806,0.9,31.0,calcite,not applicable
457051,806,0.9,32.0,calcite,not applicable
457052,806,0.9,33.0,calcite,not applicable
457053,806,0.9,34.0,calcite,not applicable
457054,806,0.9,35.0,calcite,not applicable
457055,806,0.9,36.0,calcite,not applicable
457056,806,0.9,37.0,calcite,not applicable
457057,806,0.9,38.0,calcite,not applicable
457058,806,0.9,39.0,calcite,not applicable
457059,806,0.9,40.0,calcite,not applicable
457060,806,0.9,41.0,calcite,not applicable
457061,806,0.9,42.0,calcite,not applicable
457062,806,0.9,43.0,calcite,not applicable
457063,806,0.9,44.0,calcite,not applicable
457064,806,0.9,45.0,calcite,not applicable
457065,806,0.9,46.0,calcite,not applicable
457066,806,0.9,47.0,calcite,not applicable
457067,806,0.9,48.0,calcite,not applicable
457068,806,0.9,49.0,calcite,not applicable
457069,806,0.9,50.0,calcite,not applicable
457070,806,0.9,51.0,calcite,not applicable
457071,806,0.9,52.0,calcite,not applicable
457072,806,0.9,53.0,calcite,not applicable
457073,806,0.9,54.0,calcite,not applicable
457074,806,0.9,55.0,calcite,not applicable
457075,806,0.9,56.0,calcite,not applicable
457076,806,0.9,57.0,calcite,not applicable
457077,806,0.9,58.0,calcite,not applicable
457078,806,0.9,59.0,calcite,not applicable
457079,806,0.9,60.0,calcite,not applicable
457080,806,0.9,61.0,calcite,not applicable
457081,806,0.9,62.0,calcite,not applicable
457082,806,0.9,63.0,calcite,not applicable
457083,806,0.9,64.0,calcite,not applicable
457084,806,0.9,65.0,calcite,not applicable
457085,806,0.9,66.0,calcite,not applicable
457086,806,0.9,67.0,calcite,not applicable
457087,806,0.9,68.0,calcite,not applicable
457088,806,0.9,69.0,calcite,not applicable
457089,806,0.9,70.0,calcite,not applicable
457090,806,0.9,71.0,calcite,not applicable
457091,806,0.9,72.0,calcite,not applicable
457092,806,0.9,73.0,calcite,not applicable
457093,806,0.9,74.0,calcite,not applicable
457094,806,0.9,75.0,calcite,not applicable
457095,806,0.9,76.0,calcite,not applicable
457096,806,0.9,77.0,calcite,not applicable
457097,806,0.9,78.0,calcite,not applicable
457098,806,0.9,79.0,calcite,not applicable
457099,806,0.9,80.0,calcite,not applicable
457100,806,0.9,81.0,calcite,not applicable
457101,806,0.9,82.0,calcite,not applicable
457102,806,0.9,83.0,calcite,not applicable
457103,806,0.9,84.0,calcite,not applicable
457104,806,0.9,85.0,calcite,not applicable
457105,806,0.9,86.0,calcite,not applicable
457106,806,0.9,87.0,calcite,not applicable
457107,806,0.9,88.5,calcite,not applicable
457108,806,0.9,89.51,calcite,not applicable
457109,806,0.9,90.51,calcite,not applicable
457110,806,0.9,91.01,calcite,not applicable
457111,806,0.9,91.51,calcite,not applicable
457112,806,0.9,92.01,calcite,not applicable
457113,806,0.9,92.51,calcite,not applicable
457114,806,0.9,93.01,calcite,not applicable
457115,806,0.9,93.51,calcite,not applicable
457116,806,0.9,94.01,calcite,not applicable
457117,806,0.9,94.51,calcite,not applicable
457118,806,0.9,95.01,calcite,not applicable
457119,806,0.9,95.51,calcite,not applicable
457120,806,0.9,96.01,calcite,not applicable
457121,806,0.9,96.51,calcite,not applicable
457122,806,0.9,97.01,calcite,not applicable
457123,806,0.9,97.51,calcite,not applicable
457124,806,0.9,98.01,calcite,not applicable
457125,806,0.9,98.51,calcite,not applicable
457126,806,0.9,99.01,calcite,not applicable
457127,806,0.9,99.51,calcite,not applicable
457128,806,0.9,100.01,calcite,not applicable
457129,806,0.9,100.51,calcite,not applicable
457130,806,0.9,101.01,calcite,not applicable
457131,806,0.9,101.51,calcite,not applicable
457132,806,0.9,102.01,calcite,not applicable
457133,806,0.9,102.51,calcite,not applicable
457134,806,0.9,103.01,calcite,not applicable
457135,806,0.9,103.51,calcite,not applicable
457136,806,0.9,104.01,calcite,not applicable
457137,806,0.9,104.51,calcite,not applicable
457138,806,0.9,105.01,calcite,not applicable
457139,806,0.9,105.51,calcite,not applicable
457140,806,0.9,106.01,calcite,not applicable
457141,806,0.9,106.51,calcite,not applicable
457142,806,0.9,107.01,calcite,not applicable
457143,806,0.9,107.51,calcite,not applicable
457144,806,0.9,108.01,calcite,not applicable
457145,806,0.9,108.51,calcite,not applicable
457146,806,0.9,109.01,calcite,not applicable
457147,806,0.9,109.51,calcite,not applicable
457148,806,0.9,110.01,calcite,not applicable
457149,806,0.9,110.51,calcite,not applicable
457150,806,0.9,111.01,calcite,not applicable
457151,806,0.9,111.51,calcite,not applicable
457152,806,0.9,112.01,calcite,not applicable
457153,806,0.9,112.51,calcite,not applicable
457154,806,0.9,113.01,calcite,not applicable
457155,806,0.9,113.51,calcite,not applicable
457156,806,0.9,114.01,calcite,not applicable
457157,806,0.9,114.51,calcite,not applicable
457158,806,0.9,115.01,calcite,not applicable
457159,806,0.9,115.51,calcite,not applicable
457160,806,0.9,118.51,calcite,not applicable
457161,806,0.9,119.01,calcite,not applicable
457162,806,0.9,119.51,calcite,not applicable
457163,806,0.9,120.01,calcite,not applicable
457164,806,0.9,120.51,calcite,not applicable
457165,806,0.9,121.01,calcite,not applicable
457166,806,0.9,121.51,calcite,not applicable
457167,806,0.9,122.01,calcite,not applicable
457168,806,0.9,122.51,calcite,not applicable
457169,806,0.9,123.01,calcite,not applicable
457170,806,0.9,123.51,calcite,not applicable
457171,806,0.9,124.01,calcite,not applicable
457172,806,0.9,124.51,calcite,not applicable
457173,806,0.9,125.01,calcite,not applicable
457174,806,0.9,125.51,calcite,not applicable
457175,806,0.9,126.01,calcite,not applicable
457176,806,0.9,126.51,calcite,not applicable
457177,806,0.9,127.01,calcite,not applicable
457178,806,0.9,127.51,calcite,not applicable
457179,806,0.9,128.01,calcite,not applicable
457180,806,0.9,128.51,calcite,not applicable
457181,806,0.9,129.01,calcite,not applicable
457182,806,0.9,129.51,calcite,not applicable
457183,806,0.9,130.01,calcite,not applicable
457184,806,0.9,130.51,calcite,not applicable
457185,806,0.9,131.01,calcite,not applicable
457186,806,0.9,131.51,calcite,not applicable
457187,806,0.9,132.01,calcite,not applicable
457188,806,0.9,132.51,calcite,not applicable
457189,806,0.9,133.01,calcite,not applicable
457190,806,0.9,133.51,calcite,not applicable
457191,806,0.9,134.01,calcite,not applicable
457192,806,0.9,134.51,calcite,not applicable
457193,806,0.9,135.01,calcite,not applicable
457194,806,0.9,135.51,calcite,not applicable
457195,806,0.9,136.01,calcite,not applicable
457196,806,0.9,136.51,calcite,not applicable
457197,806,0.9,137.01,calcite,not applicable
457198,806,0.9,137.51,calcite,not applicable
457199,806,0.9,138.01,calcite,not applicable
457200,806,0.9,138.51,calcite,not applicable
457201,806,0.9,139.01,calcite,not applicable
457202,806,0.9,139.51,calcite,not applicable
457203,806,0.9,140.01,calcite,not applicable
457204,806,0.9,140.51,calcite,not applicable
457205,806,0.9,141.01,calcite,not applicable
457206,806,0.9,141.51,calcite,not applicable
457207,806,0.9,142.01,calcite,not applicable
457208,806,0.9,142.51,calcite,not applicable
457209,806,0.9,143.01,calcite,not applicable
457210,806,0.9,143.51,calcite,not applicable
457211,806,0.9,144.01,calcite,not applicable
457212,806,0.9,144.51,calcite,not applicable
457213,806,0.9,145.01,calcite,not applicable
457214,806,0.9,145.51,calcite,not applicable
457215,806,0.9,146.01,calcite,not applicable
457216,806,0.9,146.51,calcite,not applicable
457217,806,0.9,147.01,calcite,not applicable
457218,806,0.9,147.51,calcite,not applicable
457219,806,0.9,148.01,calcite,not applicable
457220,806,0.9,148.51,calcite,not applicable
457221,806,0.9,149.01,calcite,not applicable
457222,806,0.9,149.51,calcite,not applicable
457223,806,0.9,150.01,calcite,not applicable
457224,806,0.9,150.51,calcite,not applicable
457225,806,0.9,151.01,calcite,not applicable
457226,806,0.9,151.51,calcite,not applicable
457227,806,0.9,152.01,calcite,not applicable
457228,806,0.9,152.51,calcite,not applicable
457229,806,0.9,153.01,calcite,not applicable
457230,806,0.9,153.51,calcite,not applicable
457231,806,0.9,154.01,calcite,not applicable
457232,806,0.9,154.51,calcite,not applicable
457233,806,0.9,155.01,calcite,not applicable
457234,806,0.9,155.51,calcite,not applicable
457235,806,0.9,156.01,calcite,not applicable
457236,806,0.9,156.51,calcite,not applicable
457237,806,0.9,157.01,calcite,not applicable
457238,806,0.9,157.51,calcite,not applicable
457239,806,0.9,158.01,calcite,not applicable
457240,806,0.9,158.51,calcite,not applicable
457241,806,0.9,159.01,calcite,not applicable
457242,806,0.9,159.51,calcite,not applicable
457243,806,0.9,160.01,calcite,not applicable
457244,806,0.9,160.51,calcite,not applicable
457245,806,0.9,161.51,calcite,not applicable
457246,806,0.9,162.01,calcite,not applicable
457247,806,0.9,162.51,calcite,not applicable
457248,806,0.9,163.01,calcite,not applicable
457249,806,0.9,163.51,calcite,not applicable
457250,806,0.9,164.01,calcite,not applicable
457251,806,0.9,164.51,calcite,not applicable
457252,806,0.9,165.01,calcite,not applicable
457253,806,0.9,165.51,calcite,not applicable
457254,806,0.9,166.01,calcite,not applicable
457255,806,0.9,166.51,calcite,not applicable
457256,806,0.9,167.01,calcite,not applicable
457257,806,0.9,167.51,calcite,not applicable
457258,806,0.9,168.01,calcite,not applicable
457259,806,0.9,168.51,calcite,not applicable
457260,806,0.9,169.01,calcite,not applicable
457261,806,0.9,169.51,calcite,not applicable
457262,806,0.9,170.01,calcite,not applicable
457263,806,0.9,170.51,calcite,not applicable
457264,806,0.9,171.01,calcite,not applicable
457265,806,0.9,171.51,calcite,not applicable
457266,806,0.9,172.01,calcite,not applicable
457267,806,0.9,172.51,calcite,not applicable
457268,806,0.9,173.01,calcite,not applicable
457269,806,0.9,173.51,calcite,not applicable
457270,806,0.9,174.01,calcite,not applicable
457271,806,0.9,174.51,calcite,not applicable
457272,806,0.9,175.01,calcite,not applicable
457273,806,0.9,175.51,calcite,not applicable
457274,806,0.9,176.01,calcite,not applicable
457275,806,0.9,176.51,calcite,not applicable
457276,806,0.9,177.01,calcite,not applicable
457277,806,0.9,177.51,calcite,not applicable
457278,806,0.9,178.01,calcite,not applicable
457279,806,0.9,178.51,calcite,not applicable
457280,806,0.9,180.5,calcite,not applicable
457281,806,0.9,181.0,calcite,not applicable
457282,806,0.9,181.5,calcite,not applicable
457283,806,0.9,182.0,calcite,not applicable
457284,806,0.9,182.5,calcite,not applicable
457285,806,0.9,183.0,calcite,not applicable
457286,806,0.9,183.5,calcite,not applicable
457287,806,0.9,184.0,calcite,not applicable
457288,806,0.9,184.5,calcite,not applicable
457289,806,0.9,185.0,calcite,not applicable
457290,806,0.9,185.5,calcite,not applicable
457291,806,0.9,186.0,calcite,not applicable
457292,806,0.9,186.5,calcite,not applicable
457293,806,0.9,187.0,calcite,not applicable
457294,806,0.9,187.5,calcite,not applicable
457295,806,0.9,188.0,calcite,not applicable
457296,806,0.9,188.5,calcite,not applicable
457297,806,0.9,189.0,calcite,not applicable
457298,806,0.9,189.5,calcite,not applicable
457299,806,0.9,190.0,calcite,not applicable
457300,806,0.9,190.5,calcite,not applicable
457301,806,0.9,191.0,calcite,not applicable
457302,806,0.9,191.5,calcite,not applicable
457303,806,0.9,192.0,calcite,not applicable
457304,806,0.9,192.5,calcite,not applicable
457305,806,0.9,193.0,calcite,not applicable
457306,806,0.9,193.5,calcite,not applicable
457307,806,0.9,194.0,calcite,not applicable
457308,806,0.9,194.5,calcite,not applicable
457309,806,0.9,195.0,calcite,not applicable
457310,806,0.9,196.0,calcite,not applicable
457311,806,0.9,196.5,calcite,not applicable
457312,806,0.9,197.0,calcite,not applicable
457313,806,0.9,197.5,calcite,not applicable
457314,806,0.9,198.0,calcite,not applicable
457315,806,0.9,198.5,calcite,not applicable
457316,806,0.9,199.0,calcite,not applicable
457317,806,0.9,199.5,calcite,not applicable
457318,806,0.9,200.0,calcite,not applicable
457319,806,0.9,200.5,calcite,not applicable
457320,806,0.9,201.0,calcite,not applicable
457321,806,0.9,201.5,calcite,not applicable
457322,806,0.9,202.0,calcite,not applicable
457323,806,0.9,202.5,calcite,not applicable
457324,806,0.9,203.0,calcite,not applicable
457325,806,0.9,203.5,calcite,not applicable
457326,806,0.9,204.0,calcite,not applicable
457327,806,0.9,204.5,calcite,not applicable
457328,806,0.9,205.5,calcite,not applicable
457329,806,0.9,206.0,calcite,not applicable
457330,806,0.9,206.5,calcite,not applicable
457331,806,0.9,207.0,calcite,not applicable
457332,806,0.9,207.5,calcite,not applicable
457333,806,0.9,208.0,calcite,not applicable
457334,806,0.9,208.5,calcite,not applicable
457335,806,0.9,209.0,calcite,not applicable
457336,806,0.9,209.5,calcite,not applicable
457337,806,0.9,210.0,calcite,not applicable
457338,806,0.9,210.5,calcite,not applicable
457339,806,0.9,211.0,calcite,not applicable
457340,806,0.9,211.5,calcite,not applicable
457341,806,0.9,212.0,calcite,not applicable
457342,806,0.9,212.5,calcite,not applicable
457343,806,0.9,213.0,calcite,not applicable
457344,806,0.9,213.5,calcite,not applicable
457345,806,0.9,214.0,calcite,not applicable
457346,806,0.9,214.5,calcite,not applicable
457347,806,0.9,215.0,calcite,not applicable
457348,806,0.9,215.5,calcite,not applicable
457349,806,0.9,216.0,calcite,not applicable
457350,806,0.9,216.5,calcite,not applicable
457351,806,0.9,217.0,calcite,not applicable
457352,806,0.9,217.5,calcite,not applicable
457353,806,0.9,218.0,calcite,not applicable
457354,806,0.9,218.49,calcite,not applicable
457355,806,0.9,219.0,calcite,not applicable
457356,806,0.9,219.5,calcite,not applicable
457357,806,0.9,220.0,calcite,not applicable
457358,806,0.9,220.5,calcite,not applicable
457359,806,0.9,221.0,calcite,not applicable
457360,806,0.9,221.5,calcite,not applicable
457361,806,0.9,222.0,calcite,not applicable
457362,806,0.9,222.5,calcite,not applicable
457363,806,0.9,223.0,calcite,not applicable
457364,806,0.9,223.5,calcite,not applicable
457365,806,0.9,224.0,calcite,not applicable
457366,806,0.9,224.5,calcite,not applicable
457367,806,0.9,225.0,calcite,not applicable
457368,806,0.9,225.5,calcite,not applicable
457369,806,0.9,226.0,calcite,not applicable
457370,806,0.9,226.5,calcite,not applicable
457371,806,0.9,227.0,calcite,not applicable
457372,806,0.9,227.5,calcite,not applicable
457373,806,0.9,228.0,calcite,not applicable
457374,806,0.9,228.5,calcite,not applicable
457375,806,0.9,229.0,calcite,not applicable
457376,806,0.9,229.5,calcite,not applicable
457377,806,0.9,230.0,calcite,not applicable
457378,806,0.9,230.5,calcite,not applicable
457379,806,0.9,231.0,calcite,not applicable
457380,806,0.9,231.5,calcite,not applicable
457381,806,0.9,232.0,calcite,not applicable
457382,806,0.9,232.5,calcite,not applicable
457383,806,0.9,233.0,calcite,not applicable
457384,806,0.9,233.5,calcite,not applicable
457385,806,0.9,234.0,calcite,not applicable
457386,806,0.9,234.5,calcite,not applicable
457387,806,0.9,235.0,calcite,not applicable
457388,806,0.9,235.5,calcite,not applicable
457389,806,0.9,236.0,calcite,not applicable
457390,806,0.9,236.5,calcite,not applicable
457391,806,0.9,237.0,calcite,not applicable
457392,806,0.9,237.5,calcite,not applicable
457393,806,0.9,238.0,calcite,not applicable
457394,806,0.9,238.5,calcite,not applicable
457395,806,0.9,239.0,calcite,not applicable
457396,806,0.9,239.49,calcite,not applicable
457397,806,0.9,240.0,calcite,not applicable
457398,806,0.9,240.5,calcite,not applicable
457399,806,0.9,241.0,calcite,not applicable
457400,806,0.9,241.5,calcite,not applicable
457401,806,0.9,242.0,calcite,not applicable
457402,806,0.9,242.5,calcite,not applicable
457403,806,0.9,243.0,calcite,not applicable
457404,806,0.9,243.5,calcite,not applicable
457405,806,0.9,244.0,calcite,not applicable
457406,806,0.9,244.5,calcite,not applicable
457407,806,0.9,245.0,calcite,not applicable
457408,806,0.9,245.5,calcite,not applicable
457409,806,0.9,246.0,calcite,not applicable
457410,806,0.9,246.5,calcite,not applicable
457411,806,0.9,247.0,calcite,not applicable
457412,806,0.9,247.5,calcite,not applicable
457413,806,0.9,248.0,calcite,not applicable
457414,806,0.9,248.5,calcite,not applicable
457415,806,0.9,249.0,calcite,not applicable
457416,806,0.9,249.5,calcite,not applicable
457417,806,0.9,250.0,calcite,not applicable
457418,806,0.9,250.5,calcite,not applicable
457419,806,0.9,251.0,calcite,not applicable
457420,806,0.9,251.5,calcite,not applicable
457421,806,0.9,252.0,calcite,not applicable
457422,806,0.9,252.5,calcite,not applicable
457423,806,0.9,253.0,calcite,not applicable
457424,806,0.9,253.5,calcite,not applicable
457425,806,0.9,254.0,calcite,not applicable
457426,806,0.9,254.5,calcite,not applicable
457427,806,0.9,255.0,calcite,not applicable
457428,806,0.9,255.5,calcite,not applicable
457429,806,0.9,256.0,calcite,not applicable
457430,806,0.9,256.5,calcite,not applicable
457431,806,0.9,257.0,calcite,not applicable
457432,806,0.9,257.5,calcite,not applicable
457433,806,0.9,258.0,calcite,not applicable
457434,806,0.9,258.5,calcite,not applicable
457435,806,0.9,259.0,calcite,not applicable
457436,806,0.9,259.5,calcite,not applicable
457437,806,0.9,260.0,calcite,not applicable
457438,806,0.9,260.5,calcite,not applicable
457439,806,0.9,261.0,calcite,not applicable
457440,806,0.9,261.5,calcite,not applicable
457441,806,0.9,262.0,calcite,not applicable
457442,806,0.9,262.5,calcite,not applicable
457443,806,0.9,263.0,calcite,not applicable
457444,806,0.9,263.5,calcite,not applicable
457445,806,0.9,264.0,calcite,not applicable
457446,806,0.9,264.5,calcite,not applicable
457447,806,0.9,265.0,calcite,not applicable
457448,806,0.9,265.5,calcite,not applicable
457449,806,0.9,266.0,calcite,not applicable
457450,806,0.9,266.5,calcite,not applicable
457451,806,0.9,267.0,calcite,not applicable
457452,806,0.9,267.5,calcite,not applicable
457453,806,0.9,268.0,calcite,not applicable
457454,806,0.9,268.5,calcite,not applicable
457455,806,0.9,269.0,calcite,not applicable
457456,806,0.9,269.5,calcite,not applicable
457457,806,0.9,270.0,calcite,not applicable
457458,806,0.9,270.5,calcite,not applicable
457459,806,0.9,272.0,calcite,not applicable
457460,806,0.9,274.0,calcite,not applicable
457461,806,0.9,276.0,calcite,not applicable
457462,806,0.9,278.0,calcite,not applicable
457463,806,0.9,280.0,calcite,not applicable
457464,806,0.9,282.0,calcite,not applicable
457465,806,0.9,284.0,calcite,not applicable
457466,806,0.9,286.0,calcite,not applicable
457467,806,0.9,288.0,calcite,not applicable
457468,806,0.9,290.0,calcite,not applicable
457469,806,0.9,292.0,calcite,not applicable
457470,806,0.9,294.0,calcite,not applicable
457471,806,0.9,296.0,calcite,not applicable
457472,806,0.9,298.0,calcite,not applicable
457473,806,0.9,300.0,calcite,not applicable
457474,806,0.9,302.0,calcite,not applicable
457475,806,0.9,304.0,calcite,not applicable
457476,806,0.9,306.0,calcite,not applicable
457477,806,0.9,308.0,calcite,not applicable
457478,806,0.9,310.0,calcite,not applicable
457479,806,0.9,312.0,calcite,not applicable
457480,806,0.9,314.0,calcite,not applicable
457481,806,0.9,316.0,calcite,not applicable
457482,806,0.9,318.0,calcite,not applicable
457483,806,0.9,320.0,calcite,not applicable
457484,806,0.9,324.0,calcite,not applicable
457485,806,0.9,326.0,calcite,not applicable
457486,806,0.9,328.0,calcite,not applicable
457487,806,0.9,330.0,calcite,not applicable
457488,806,0.9,332.0,calcite,not applicable
457489,806,0.9,334.0,calcite,not applicable
457490,806,0.9,336.0,calcite,not applicable
457491,806,0.9,338.0,calcite,not applicable
457492,806,0.9,340.0,calcite,not applicable
457493,806,0.9,342.0,calcite,not applicable
457494,806,0.9,344.0,calcite,not applicable
457495,806,0.9,346.0,calcite,not applicable
457496,806,0.9,348.0,calcite,not applicable
457497,806,0.9,350.0,calcite,not applicable
457498,807,,,calcite,not applicable
457499,807,,,calcite,not applicable
457500,807,,,calcite,not applicable
457501,807,,,calcite,not applicable
457502,807,,,calcite,not applicable
457503,807,,,calcite,not applicable
457504,807,,,calcite,not applicable
457505,807,,,calcite,not applicable
457506,807,,,calcite,not applicable
457507,807,,,calcite,not applicable
457508,807,,,calcite,not applicable
457509,807,,,calcite,not applicable
457510,808,,,calcite,not applicable
457511,808,,,calcite,not applicable
457512,808,,,calcite,not applicable
457513,808,,,calcite,not applicable
457514,808,,,calcite,not applicable
457515,808,,,calcite,not applicable
457516,808,,,calcite,not applicable
457517,808,,,calcite,not applicable
457518,808,,,calcite,not applicable
457519,808,,,calcite,not applicable
457520,808,,,calcite,not applicable
457521,808,,,calcite,not applicable
457522,808,,,calcite,not applicable
457523,808,,,calcite,not applicable
457524,808,,,calcite,not applicable
457525,808,,,calcite,not applicable
457526,808,,,calcite,not applicable
457527,808,,,calcite,not applicable
457528,808,,,calcite,not applicable
457529,808,,,calcite,not applicable
457530,808,,,calcite,not applicable
457531,808,,,calcite,not applicable
457532,808,,,calcite,not applicable
457533,808,,,calcite,not applicable
457534,808,,,calcite,not applicable
457535,808,,,calcite,not applicable
457536,808,,,calcite,not applicable
457537,808,,,calcite,not applicable
457538,808,,,calcite,not applicable
457539,808,,,calcite,not applicable
457540,808,,,calcite,not applicable
457541,808,,,calcite,not applicable
457542,808,,,calcite,not applicable
457543,808,,,calcite,not applicable
457544,808,,,calcite,not applicable
457545,808,,,calcite,not applicable
457546,808,,,calcite,not applicable
457547,808,,,calcite,not applicable
457548,808,,,calcite,not applicable
457549,808,,,calcite,not applicable
457550,808,,,calcite,not applicable
457551,808,,,calcite,not applicable
457552,808,,,calcite,not applicable
457553,808,,,calcite,not applicable
457554,808,,,calcite,not applicable
457555,808,,,calcite,not applicable
457556,808,,,calcite,not applicable
457557,808,,,calcite,not applicable
457558,808,,,calcite,not applicable
457559,808,,,calcite,not applicable
457560,808,,,calcite,not applicable
457561,808,,,calcite,not applicable
457562,808,,,calcite,not applicable
457563,808,,,calcite,not applicable
457564,809,,,calcite,not applicable
457565,809,,,calcite,not applicable
457566,809,,,calcite,not applicable
457567,809,,,calcite,not applicable
457568,809,,,calcite,not applicable
457569,809,,,calcite,not applicable
457570,809,,,calcite,not applicable
457571,809,,,calcite,not applicable
457572,809,,,calcite,not applicable
457573,809,,,calcite,not applicable
457574,809,,,calcite,not applicable
457575,809,,,calcite,not applicable
457576,809,,,calcite,not applicable
507791,903,0.05,3.9,calcite,not applicable
507792,903,0.05,3.95,calcite,not applicable
507793,903,0.05,4.0,calcite,not applicable
507794,903,0.05,4.05,calcite,not applicable
507795,903,0.05,4.1,calcite,not applicable
507796,903,0.05,4.15,calcite,not applicable
507797,903,0.05,4.2,calcite,not applicable
507798,903,0.05,4.25,calcite,not applicable
507799,903,0.05,4.29999999999999,calcite,not applicable
507800,903,0.05,4.34999999999999,calcite,not applicable
507801,903,0.05,4.39999999999999,calcite,not applicable
507802,903,0.05,4.44999999999999,calcite,not applicable
507803,903,0.05,4.49999999999999,calcite,not applicable
507804,903,0.05,4.54999999999999,calcite,not applicable
507805,903,0.05,4.59999999999999,calcite,not applicable
507806,903,0.05,4.64999999999999,calcite,not applicable
507807,903,0.05,4.69999999999999,calcite,not applicable
507808,903,0.05,4.74999999999999,calcite,not applicable
507809,903,0.05,4.79999999999999,calcite,not applicable
507810,903,0.05,4.84999999999999,calcite,not applicable
507811,903,0.05,4.89999999999999,calcite,not applicable
507812,903,0.05,4.94999999999999,calcite,not applicable
507813,903,0.05,4.99999999999999,calcite,not applicable
507814,903,0.05,5.04999999999999,calcite,not applicable
507815,903,0.05,5.09999999999999,calcite,not applicable
507816,903,0.05,5.14999999999999,calcite,not applicable
507817,903,0.05,5.19999999999999,calcite,not applicable
507818,903,0.05,5.24999999999999,calcite,not applicable
507819,903,0.05,5.29999999999999,calcite,not applicable
507820,903,0.05,5.34999999999999,calcite,not applicable
507821,903,0.05,5.39999999999999,calcite,not applicable
507822,903,0.05,5.44999999999999,calcite,not applicable
507823,903,0.05,5.49999999999999,calcite,not applicable
507824,903,0.05,5.54999999999999,calcite,not applicable
507825,903,0.05,5.59999999999999,calcite,not applicable
507826,903,0.05,5.64999999999999,calcite,not applicable
507827,903,0.05,5.69999999999999,calcite,not applicable
507828,903,0.05,5.74999999999999,calcite,not applicable
507829,903,0.05,5.79999999999999,calcite,not applicable
507830,903,0.05,5.84999999999999,calcite,not applicable
507831,903,0.05,5.89999999999999,calcite,not applicable
507832,903,0.05,5.94999999999999,calcite,not applicable
507833,903,0.05,5.99999999999999,calcite,not applicable
507834,903,0.05,6.04999999999999,calcite,not applicable
507835,903,0.05,6.09999999999999,calcite,not applicable
507836,903,0.05,6.14999999999999,calcite,not applicable
507837,903,0.05,6.19999999999999,calcite,not applicable
507838,903,0.05,6.24999999999999,calcite,not applicable
507839,903,0.05,6.29999999999999,calcite,not applicable
507840,903,0.05,6.34999999999999,calcite,not applicable
507841,903,0.05,6.39999999999999,calcite,not applicable
507842,903,0.05,6.44999999999999,calcite,not applicable
507843,903,0.05,6.49999999999999,calcite,not applicable
507844,903,0.05,6.54999999999999,calcite,not applicable
507845,903,0.05,6.59999999999999,calcite,not applicable
507846,903,0.05,6.64999999999999,calcite,not applicable
507847,903,0.05,6.69999999999999,calcite,not applicable
507848,903,0.05,6.74999999999999,calcite,not applicable
507849,903,0.05,6.79999999999999,calcite,not applicable
507850,903,0.05,6.84999999999999,calcite,not applicable
507851,903,0.05,6.89999999999999,calcite,not applicable
507852,903,0.05,6.94999999999999,calcite,not applicable
507853,903,0.05,6.99999999999999,calcite,not applicable
507854,903,0.05,7.04999999999999,calcite,not applicable
507855,903,0.05,7.09999999999999,calcite,not applicable
507856,903,0.05,7.14999999999999,calcite,not applicable
507857,903,0.05,7.19999999999999,calcite,not applicable
507858,903,0.05,7.24999999999999,calcite,not applicable
507859,903,0.05,7.29999999999999,calcite,not applicable
507860,903,0.05,7.34999999999999,calcite,not applicable
507861,903,0.05,7.39999999999998,calcite,not applicable
507862,903,0.05,7.44999999999998,calcite,not applicable
507863,903,0.05,7.49999999999998,calcite,not applicable
507864,903,0.05,7.54999999999998,calcite,not applicable
507865,903,0.05,7.59999999999998,calcite,not applicable
507866,903,0.05,7.64999999999998,calcite,not applicable
507867,903,0.05,7.69999999999998,calcite,not applicable
507868,903,0.05,7.74999999999998,calcite,not applicable
507869,903,0.05,7.79999999999998,calcite,not applicable
507870,903,0.05,7.84999999999998,calcite,not applicable
507871,903,0.05,7.89999999999998,calcite,not applicable
507872,903,0.05,7.94999999999998,calcite,not applicable
507873,903,0.05,7.99999999999998,calcite,not applicable
507874,903,0.05,8.04999999999998,calcite,not applicable
507875,903,0.05,8.09999999999998,calcite,not applicable
507876,903,0.05,8.14999999999998,calcite,not applicable
507877,903,0.05,8.19999999999998,calcite,not applicable
507878,903,0.05,8.24999999999998,calcite,not applicable
507879,903,0.05,8.29999999999998,calcite,not applicable
507880,903,0.05,8.34999999999998,calcite,not applicable
507881,903,0.05,8.39999999999998,calcite,not applicable
507882,903,0.05,8.44999999999998,calcite,not applicable
507883,903,0.05,8.49999999999998,calcite,not applicable
507884,903,0.05,8.54999999999998,calcite,not applicable
507885,903,0.05,8.59999999999998,calcite,not applicable
507886,903,0.05,8.64999999999998,calcite,not applicable
507887,903,0.05,8.69999999999998,calcite,not applicable
507888,903,0.05,8.74999999999998,calcite,not applicable
507889,903,0.05,8.79999999999998,calcite,not applicable
507890,903,0.05,8.84999999999998,calcite,not applicable
507891,903,0.05,8.89999999999998,calcite,not applicable
507892,903,0.05,8.94999999999998,calcite,not applicable
507893,903,0.05,8.99999999999998,calcite,not applicable
507894,903,0.05,9.04999999999998,calcite,not applicable
507895,903,0.05,9.09999999999998,calcite,not applicable
507896,903,0.05,9.14999999999998,calcite,not applicable
507897,903,0.05,9.19999999999998,calcite,not applicable
507898,903,0.05,9.24999999999998,calcite,not applicable
507899,903,0.05,9.29999999999997,calcite,not applicable
507900,903,0.05,9.34999999999997,calcite,not applicable
507901,903,0.05,9.39999999999997,calcite,not applicable
507902,903,0.05,9.44999999999997,calcite,not applicable
507903,903,0.05,9.49999999999997,calcite,not applicable
507904,903,0.05,9.54999999999997,calcite,not applicable
507905,903,0.05,9.59999999999997,calcite,not applicable
507906,903,0.05,9.64999999999997,calcite,not applicable
507907,903,0.05,9.69999999999997,calcite,not applicable
507908,903,0.05,9.74999999999996,calcite,not applicable
507909,903,0.05,9.79999999999996,calcite,not applicable
507910,903,0.05,9.84999999999996,calcite,not applicable
507911,903,0.05,9.89999999999996,calcite,not applicable
507912,903,0.05,9.94999999999996,calcite,not applicable
507913,903,0.05,9.99999999999996,calcite,not applicable
507914,903,0.05,10.05,calcite,not applicable
507915,903,0.05,10.1,calcite,not applicable
507916,903,0.05,10.15,calcite,not applicable
507917,903,0.05,10.1999999999999,calcite,not applicable
507918,903,0.05,10.25,calcite,not applicable
507919,903,0.05,10.3,calcite,not applicable
507920,903,0.05,10.3499999999999,calcite,not applicable
507921,903,0.05,10.4,calcite,not applicable
507922,903,0.05,10.4499999999999,calcite,not applicable
507923,903,0.05,10.5,calcite,not applicable
507924,903,0.05,10.55,calcite,not applicable
507925,903,0.05,10.5999999999999,calcite,not applicable
507926,903,0.05,10.6499999999999,calcite,not applicable
507927,903,0.05,10.6999999999999,calcite,not applicable
507928,903,0.05,10.7499999999999,calcite,not applicable
507929,903,0.05,10.7999999999999,calcite,not applicable
507930,903,0.05,10.8499999999999,calcite,not applicable
507931,903,0.05,10.8999999999999,calcite,not applicable
507932,903,0.05,10.9499999999999,calcite,not applicable
507933,903,0.05,10.9999999999999,calcite,not applicable
507934,903,0.05,11.0499999999999,calcite,not applicable
507935,903,0.05,11.0999999999999,calcite,not applicable
507936,903,0.05,11.1499999999999,calcite,not applicable
507937,903,0.05,11.1999999999999,calcite,not applicable
507938,903,0.05,11.2499999999999,calcite,not applicable
507939,903,0.05,11.2999999999999,calcite,not applicable
507940,903,0.05,11.3499999999999,calcite,not applicable
507941,903,0.05,11.3999999999999,calcite,not applicable
507942,903,0.05,11.4499999999999,calcite,not applicable
507943,903,0.05,11.4999999999999,calcite,not applicable
507944,903,0.05,11.5499999999999,calcite,not applicable
507945,903,0.05,11.5999999999999,calcite,not applicable
507946,903,0.05,11.6499999999999,calcite,not applicable
507947,903,0.05,11.6999999999999,calcite,not applicable
507948,903,0.05,11.7499999999999,calcite,not applicable
507949,903,0.05,11.7999999999999,calcite,not applicable
507950,903,0.05,11.8499999999999,calcite,not applicable
507951,903,0.05,11.8999999999999,calcite,not applicable
507952,903,0.05,11.9499999999999,calcite,not applicable
507953,903,0.05,11.9999999999999,calcite,not applicable
507954,903,0.05,12.0499999999999,calcite,not applicable
507955,903,0.05,12.0999999999999,calcite,not applicable
507956,903,0.05,12.1499999999999,calcite,not applicable
507957,903,0.05,12.1999999999999,calcite,not applicable
507958,903,0.05,12.2499999999999,calcite,not applicable
507959,903,0.05,12.2999999999999,calcite,not applicable
507960,903,0.05,12.3499999999999,calcite,not applicable
507961,903,0.05,12.3999999999999,calcite,not applicable
507962,903,0.05,12.4499999999999,calcite,not applicable
507963,903,0.05,12.4999999999999,calcite,not applicable
507964,903,0.05,12.5499999999999,calcite,not applicable
507965,903,0.05,12.5999999999999,calcite,not applicable
507966,903,0.05,12.6499999999999,calcite,not applicable
507967,903,0.05,12.6999999999999,calcite,not applicable
507968,903,0.05,12.7499999999999,calcite,not applicable
507969,903,0.05,12.7999999999999,calcite,not applicable
507970,903,0.05,12.8499999999999,calcite,not applicable
507971,903,0.05,12.8999999999999,calcite,not applicable
507972,903,0.05,12.9499999999999,calcite,not applicable
507973,903,0.05,12.9999999999999,calcite,not applicable
507974,903,0.05,13.0499999999999,calcite,not applicable
507975,903,0.05,13.0999999999999,calcite,not applicable
507976,903,0.05,13.1499999999999,calcite,not applicable
507977,903,0.05,13.1999999999999,calcite,not applicable
507978,903,0.05,13.2499999999999,calcite,not applicable
507979,903,0.05,13.2999999999999,calcite,not applicable
507980,903,0.05,13.3499999999999,calcite,not applicable
507981,903,0.05,13.3999999999999,calcite,not applicable
507982,903,0.05,13.4499999999999,calcite,not applicable
507983,903,0.05,13.4999999999999,calcite,not applicable
507984,903,0.05,13.5499999999999,calcite,not applicable
507985,903,0.05,13.5999999999999,calcite,not applicable
507986,903,0.05,13.6499999999999,calcite,not applicable
507987,903,0.05,13.6999999999999,calcite,not applicable
507988,903,0.05,13.7499999999999,calcite,not applicable
507989,903,0.05,13.7999999999999,calcite,not applicable
507990,903,0.05,13.8499999999999,calcite,not applicable
507991,903,0.05,13.8999999999999,calcite,not applicable
507992,903,0.05,13.9499999999999,calcite,not applicable
507993,903,0.05,13.9999999999999,calcite,not applicable
507994,903,0.05,14.0499999999999,calcite,not applicable
507995,903,0.05,14.0999999999999,calcite,not applicable
507996,903,0.05,14.1499999999999,calcite,not applicable
507997,903,0.05,14.1999999999999,calcite,not applicable
507998,903,0.05,14.2499999999999,calcite,not applicable
507999,903,0.05,14.2999999999999,calcite,not applicable
508000,903,0.05,14.3499999999999,calcite,not applicable
508001,903,0.05,14.3999999999999,calcite,not applicable
508002,903,0.05,14.4499999999999,calcite,not applicable
508003,903,0.05,14.4999999999999,calcite,not applicable
508004,903,0.05,14.5499999999999,calcite,not applicable
508005,903,0.05,14.5999999999999,calcite,not applicable
508006,903,0.05,14.6499999999999,calcite,not applicable
508007,903,0.05,14.6999999999999,calcite,not applicable
508008,903,0.05,14.7499999999999,calcite,not applicable
508009,903,0.05,14.7999999999999,calcite,not applicable
508010,903,0.05,14.8499999999999,calcite,not applicable
508011,903,0.05,14.8999999999998,calcite,not applicable
508012,903,0.05,14.9499999999999,calcite,not applicable
508013,903,0.05,14.9999999999999,calcite,not applicable
508014,903,0.05,15.0499999999999,calcite,not applicable
508015,903,0.05,15.0999999999999,calcite,not applicable
508016,903,0.05,15.1499999999998,calcite,not applicable
508017,903,0.05,15.1999999999999,calcite,not applicable
508018,903,0.05,15.2499999999999,calcite,not applicable
508019,903,0.05,15.2999999999999,calcite,not applicable
508020,903,0.05,15.3499999999998,calcite,not applicable
508021,903,0.05,15.3999999999998,calcite,not applicable
508022,903,0.05,15.4499999999998,calcite,not applicable
508023,903,0.05,15.4999999999998,calcite,not applicable
508024,903,0.05,15.5499999999998,calcite,not applicable
508025,903,0.05,15.5999999999998,calcite,not applicable
508026,903,0.05,15.6499999999998,calcite,not applicable
508027,903,0.05,15.6999999999998,calcite,not applicable
508028,903,0.05,15.7499999999998,calcite,not applicable
508029,903,0.05,15.7999999999998,calcite,not applicable
508030,903,0.05,15.8499999999998,calcite,not applicable
508031,903,0.05,15.8999999999998,calcite,not applicable
508032,903,0.05,15.9499999999998,calcite,not applicable
508033,903,0.05,15.9999999999998,calcite,not applicable
508034,903,0.05,16.0499999999998,calcite,not applicable
508035,903,0.05,16.0999999999998,calcite,not applicable
508036,903,0.05,16.1499999999998,calcite,not applicable
508037,903,0.05,16.1999999999998,calcite,not applicable
508038,903,0.05,16.2499999999998,calcite,not applicable
508039,903,0.05,16.2999999999998,calcite,not applicable
508040,903,0.05,16.3499999999998,calcite,not applicable
508041,903,0.05,16.3999999999998,calcite,not applicable
508042,903,0.05,16.4499999999998,calcite,not applicable
508043,903,0.05,16.4999999999998,calcite,not applicable
508044,903,0.05,16.5499999999998,calcite,not applicable
508045,903,0.05,16.5999999999998,calcite,not applicable
508046,903,0.05,16.6499999999998,calcite,not applicable
508047,903,0.05,16.6999999999998,calcite,not applicable
508048,903,0.05,16.7499999999998,calcite,not applicable
508049,903,0.05,16.7999999999998,calcite,not applicable
508050,903,0.05,16.8499999999998,calcite,not applicable
508051,903,0.05,16.8999999999998,calcite,not applicable
508052,903,0.05,16.9499999999998,calcite,not applicable
508053,903,0.05,16.9999999999998,calcite,not applicable
508054,903,0.05,17.0499999999998,calcite,not applicable
508055,903,0.05,17.0999999999998,calcite,not applicable
508056,903,0.05,17.1499999999998,calcite,not applicable
508057,903,0.05,17.1999999999998,calcite,not applicable
508058,903,0.05,17.2499999999998,calcite,not applicable
508059,903,0.05,17.2999999999998,calcite,not applicable
508060,903,0.05,17.3499999999998,calcite,not applicable
508061,903,0.05,17.3999999999998,calcite,not applicable
508062,903,0.05,17.4499999999998,calcite,not applicable
508063,903,0.05,17.4999999999998,calcite,not applicable
508064,903,0.05,17.5499999999998,calcite,not applicable
508065,903,0.05,17.5999999999998,calcite,not applicable
508066,903,0.05,17.6499999999998,calcite,not applicable
508067,903,0.05,17.6999999999998,calcite,not applicable
508068,903,0.05,17.7499999999998,calcite,not applicable
508069,903,0.05,17.7999999999998,calcite,not applicable
508070,903,0.05,17.8499999999998,calcite,not applicable
508071,903,0.05,17.8999999999998,calcite,not applicable
508072,903,0.05,17.9499999999998,calcite,not applicable
508073,903,0.05,17.9999999999998,calcite,not applicable
508074,903,0.05,18.0499999999998,calcite,not applicable
508075,903,0.05,18.0999999999998,calcite,not applicable
508076,903,0.05,18.1499999999998,calcite,not applicable
508077,903,0.05,18.1999999999998,calcite,not applicable
508078,903,0.05,18.2499999999998,calcite,not applicable
508079,903,0.05,18.2999999999998,calcite,not applicable
508080,903,0.05,18.3499999999998,calcite,not applicable
508081,903,0.05,18.3999999999998,calcite,not applicable
508082,903,0.05,18.4499999999998,calcite,not applicable
508083,903,0.05,18.4999999999998,calcite,not applicable
508084,903,0.05,18.5499999999998,calcite,not applicable
508085,903,0.05,18.5999999999998,calcite,not applicable
508086,903,0.05,18.6499999999998,calcite,not applicable
508087,903,0.05,18.6999999999998,calcite,not applicable
508088,903,0.05,18.7499999999998,calcite,not applicable
508089,903,0.05,18.7999999999998,calcite,not applicable
508090,903,0.05,18.8499999999998,calcite,not applicable
508091,903,0.05,18.8999999999998,calcite,not applicable
508092,903,0.05,18.9499999999998,calcite,not applicable
508093,903,0.05,18.9999999999998,calcite,not applicable
508094,903,0.05,19.0499999999998,calcite,not applicable
508095,903,0.05,19.0999999999998,calcite,not applicable
508096,903,0.05,19.1499999999998,calcite,not applicable
508097,903,0.05,19.1999999999998,calcite,not applicable
508098,903,0.05,19.2499999999998,calcite,not applicable
508099,903,0.05,19.2999999999998,calcite,not applicable
508100,903,0.05,19.3499999999998,calcite,not applicable
508101,903,0.05,19.3999999999998,calcite,not applicable
508102,903,0.05,19.4499999999998,calcite,not applicable
508103,903,0.05,19.4999999999998,calcite,not applicable
508104,903,0.05,19.5499999999998,calcite,not applicable
508105,903,0.05,19.5999999999998,calcite,not applicable
508106,903,0.05,19.6499999999998,calcite,not applicable
508107,903,0.05,19.6999999999998,calcite,not applicable
508108,903,0.05,19.7499999999998,calcite,not applicable
508109,903,0.05,19.7999999999998,calcite,not applicable
508110,903,0.05,19.8499999999998,calcite,not applicable
508111,903,0.05,19.8999999999998,calcite,not applicable
508112,903,0.05,19.9499999999998,calcite,not applicable
508113,903,0.05,19.9999999999998,calcite,not applicable
508114,903,0.05,20.0499999999998,calcite,not applicable
508115,903,0.05,20.0999999999998,calcite,not applicable
508116,903,0.05,20.1499999999998,calcite,not applicable
508117,903,0.05,20.1999999999998,calcite,not applicable
508118,903,0.05,20.2499999999998,calcite,not applicable
508119,903,0.05,20.2999999999998,calcite,not applicable
508120,903,0.05,20.3499999999998,calcite,not applicable
508121,903,0.05,20.3999999999998,calcite,not applicable
508122,903,0.05,20.4499999999998,calcite,not applicable
508123,903,0.05,20.4999999999998,calcite,not applicable
508124,903,0.05,20.5499999999998,calcite,not applicable
508125,903,0.05,20.5999999999998,calcite,not applicable
508126,903,0.05,20.6499999999998,calcite,not applicable
508127,903,0.05,20.6999999999998,calcite,not applicable
508128,903,0.05,20.7499999999997,calcite,not applicable
508129,903,0.05,20.7999999999997,calcite,not applicable
508130,903,0.05,20.8499999999997,calcite,not applicable
508131,903,0.05,20.8999999999997,calcite,not applicable
508132,903,0.05,20.9499999999997,calcite,not applicable
508133,903,0.05,20.9999999999997,calcite,not applicable
508134,903,0.05,21.0499999999997,calcite,not applicable
508135,903,0.05,21.0999999999997,calcite,not applicable
508136,903,0.05,21.1499999999997,calcite,not applicable
508137,903,0.05,21.1999999999997,calcite,not applicable
508138,903,0.05,21.2499999999997,calcite,not applicable
508139,903,0.05,21.2999999999997,calcite,not applicable
508140,903,0.05,21.3499999999997,calcite,not applicable
508141,903,0.05,21.3999999999997,calcite,not applicable
508142,903,0.05,21.4499999999997,calcite,not applicable
508143,903,0.05,21.4999999999997,calcite,not applicable
508144,903,0.05,21.5499999999997,calcite,not applicable
508145,903,0.05,21.5999999999997,calcite,not applicable
508146,903,0.05,21.6499999999997,calcite,not applicable
508147,903,0.05,21.6999999999997,calcite,not applicable
508148,903,0.05,21.7499999999997,calcite,not applicable
508149,903,0.05,21.7999999999997,calcite,not applicable
508150,903,0.05,21.8499999999997,calcite,not applicable
508151,903,0.05,21.8999999999997,calcite,not applicable
508152,903,0.05,21.9499999999997,calcite,not applicable
508153,903,0.05,21.9999999999997,calcite,not applicable
508154,903,0.05,22.0499999999997,calcite,not applicable
508155,903,0.05,22.0999999999997,calcite,not applicable
508156,903,0.05,22.1499999999997,calcite,not applicable
508157,903,0.05,22.1999999999997,calcite,not applicable
508158,903,0.05,22.2499999999997,calcite,not applicable
508159,903,0.05,22.2999999999997,calcite,not applicable
508160,903,0.05,22.3499999999997,calcite,not applicable
508161,903,0.05,22.3999999999997,calcite,not applicable
508162,903,0.05,22.4499999999997,calcite,not applicable
508163,903,0.05,22.4999999999997,calcite,not applicable
508164,903,0.05,22.5499999999997,calcite,not applicable
508165,903,0.05,22.5999999999997,calcite,not applicable
508166,903,0.05,22.6499999999997,calcite,not applicable
508167,903,0.05,22.6999999999997,calcite,not applicable
508168,903,0.05,22.7499999999997,calcite,not applicable
508169,903,0.05,22.7999999999997,calcite,not applicable
508170,903,0.05,22.8499999999997,calcite,not applicable
508171,903,0.05,22.8999999999997,calcite,not applicable
508172,903,0.05,22.9499999999997,calcite,not applicable
508173,903,0.05,22.9999999999997,calcite,not applicable
508174,903,0.05,23.0499999999997,calcite,not applicable
508175,903,0.05,23.0999999999997,calcite,not applicable
508176,903,0.05,23.1499999999997,calcite,not applicable
508177,903,0.05,23.1999999999997,calcite,not applicable
508178,903,0.05,23.2499999999997,calcite,not applicable
508179,903,0.05,23.2999999999997,calcite,not applicable
508180,903,0.05,23.3499999999997,calcite,not applicable
508181,903,0.05,23.3999999999997,calcite,not applicable
508182,903,0.05,23.4499999999997,calcite,not applicable
508183,903,0.05,23.4999999999997,calcite,not applicable
508184,903,0.05,23.5499999999997,calcite,not applicable
508185,903,0.05,23.5999999999997,calcite,not applicable
508186,903,0.05,23.6499999999997,calcite,not applicable
508187,903,0.05,23.6999999999997,calcite,not applicable
508188,903,0.05,23.7499999999997,calcite,not applicable
508189,903,0.05,23.7999999999997,calcite,not applicable
508190,903,0.05,23.8499999999997,calcite,not applicable
508191,903,0.05,23.8999999999997,calcite,not applicable
508192,903,0.05,23.9499999999997,calcite,not applicable
508193,903,0.05,23.9999999999997,calcite,not applicable
508194,903,0.05,24.0499999999997,calcite,not applicable
508195,903,0.05,24.0999999999997,calcite,not applicable
508196,903,0.05,24.1499999999997,calcite,not applicable
508197,903,0.05,24.1999999999997,calcite,not applicable
508198,903,0.05,24.2499999999997,calcite,not applicable
508199,903,0.05,24.2999999999997,calcite,not applicable
508200,903,0.05,24.3499999999997,calcite,not applicable
508201,903,0.05,24.4,calcite,not applicable
508202,903,0.05,24.45,calcite,not applicable
508203,903,0.05,24.5,calcite,not applicable
508204,903,0.05,24.55,calcite,not applicable
508205,903,0.05,24.6,calcite,not applicable
508206,903,0.05,24.65,calcite,not applicable
508207,903,0.05,24.7,calcite,not applicable
508208,903,0.05,24.75,calcite,not applicable
508209,903,0.05,24.8,calcite,not applicable
508210,903,0.05,24.85,calcite,not applicable
508211,903,0.05,24.9,calcite,not applicable
508212,903,0.05,24.95,calcite,not applicable
508213,903,0.05,25.0,calcite,not applicable
508214,903,0.05,25.05,calcite,not applicable
508215,903,0.05,25.1,calcite,not applicable
508216,903,0.05,25.15,calcite,not applicable
508217,903,0.05,25.2,calcite,not applicable
508218,903,0.05,25.25,calcite,not applicable
508219,903,0.05,25.3,calcite,not applicable
508220,903,0.05,25.35,calcite,not applicable
508221,903,0.05,25.4,calcite,not applicable
508222,903,0.05,25.45,calcite,not applicable
508223,903,0.05,25.5,calcite,not applicable
508224,903,0.05,25.55,calcite,not applicable
508225,903,0.05,25.6,calcite,not applicable
508226,903,0.05,25.65,calcite,not applicable
508227,903,0.05,25.7,calcite,not applicable
508228,903,0.05,25.75,calcite,not applicable
508229,903,0.05,25.8,calcite,not applicable
508230,903,0.05,25.85,calcite,not applicable
508231,903,0.05,25.9,calcite,not applicable
508232,903,0.05,25.95,calcite,not applicable
508233,903,0.05,26.0,calcite,not applicable
508234,903,0.05,26.05,calcite,not applicable
508235,903,0.05,26.1,calcite,not applicable
508236,903,0.05,26.15,calcite,not applicable
508237,903,0.05,26.2,calcite,not applicable
508238,903,0.05,26.25,calcite,not applicable
508239,903,0.05,26.3,calcite,not applicable
508240,903,0.05,26.35,calcite,not applicable
508241,903,0.05,26.4,calcite,not applicable
508242,903,0.05,26.45,calcite,not applicable
508243,903,0.05,26.5,calcite,not applicable
508244,903,0.05,26.55,calcite,not applicable
508245,903,0.05,26.6,calcite,not applicable
508246,903,0.05,26.65,calcite,not applicable
508247,903,0.05,26.7,calcite,not applicable
508248,903,0.05,26.75,calcite,not applicable
508249,903,0.05,26.8,calcite,not applicable
508250,903,0.05,26.85,calcite,not applicable
508251,903,0.05,26.9,calcite,not applicable
508252,903,0.05,26.95,calcite,not applicable
508253,903,0.05,27.0,calcite,not applicable
508254,903,0.05,27.05,calcite,not applicable
508255,903,0.05,27.1,calcite,not applicable
508256,903,0.05,27.15,calcite,not applicable
508257,903,0.05,27.2,calcite,not applicable
508258,903,0.05,27.25,calcite,not applicable
508259,903,0.05,27.3,calcite,not applicable
508260,903,0.05,27.35,calcite,not applicable
508261,903,0.05,27.4,calcite,not applicable
508262,903,0.2,27.6,calcite,not applicable
508263,903,0.2,27.8,calcite,not applicable
508264,903,0.2,28.0,calcite,not applicable
508265,903,0.2,28.2,calcite,not applicable
508266,903,0.2,28.4,calcite,not applicable
508267,903,0.2,28.6,calcite,not applicable
508268,903,0.2,28.8,calcite,not applicable
508269,903,0.2,29.0,calcite,not applicable
508270,903,0.2,29.2,calcite,not applicable
508271,903,0.2,29.4,calcite,not applicable
508272,903,0.2,29.6,calcite,not applicable
508273,903,0.2,29.8,calcite,not applicable
508274,903,0.2,30.0,calcite,not applicable
508275,903,0.2,30.2,calcite,not applicable
508276,903,0.2,30.4,calcite,not applicable
508277,903,0.2,30.6,calcite,not applicable
508278,903,0.2,30.8,calcite,not applicable
508279,903,0.2,31.0,calcite,not applicable
508280,903,0.2,31.2,calcite,not applicable
508281,903,0.2,31.4,calcite,not applicable
508282,903,0.2,31.6,calcite,not applicable
508283,903,0.2,31.8,calcite,not applicable
508284,903,0.2,32.0,calcite,not applicable
508285,903,0.2,32.2,calcite,not applicable
508286,903,0.2,32.4,calcite,not applicable
508287,903,0.2,32.6,calcite,not applicable
508288,903,0.2,32.8,calcite,not applicable
508289,903,0.2,33.0,calcite,not applicable
508290,903,0.2,33.2,calcite,not applicable
508291,903,0.2,33.4,calcite,not applicable
508292,903,0.2,33.6,calcite,not applicable
508293,903,0.2,33.8,calcite,not applicable
508294,903,0.2,34.0,calcite,not applicable
508295,903,0.2,34.2,calcite,not applicable
508296,903,0.2,34.4,calcite,not applicable
508297,903,0.2,34.6,calcite,not applicable
508298,903,0.2,34.8,calcite,not applicable
508299,903,0.2,35.0,calcite,not applicable
508300,903,0.2,35.2,calcite,not applicable
508301,903,0.2,35.4,calcite,not applicable
508302,903,0.2,35.6,calcite,not applicable
508303,903,0.2,35.8,calcite,not applicable
508304,903,0.2,36.0,calcite,not applicable
508305,903,0.2,36.2,calcite,not applicable
508306,903,0.2,36.4,calcite,not applicable
508307,903,0.2,36.6,calcite,not applicable
508308,903,0.2,36.8,calcite,not applicable
508309,903,0.2,37.0,calcite,not applicable
508310,903,0.2,37.2,calcite,not applicable
508311,903,0.2,37.4,calcite,not applicable
508312,903,0.2,37.6,calcite,not applicable
508313,903,0.2,37.8,calcite,not applicable
508314,903,0.2,38.0,calcite,not applicable
508315,903,0.2,38.2,calcite,not applicable
508316,903,0.2,38.4,calcite,not applicable
508317,903,0.2,38.6,calcite,not applicable
508318,903,0.2,38.8,calcite,not applicable
508319,903,0.2,39.0,calcite,not applicable
508320,903,0.2,39.2000000000001,calcite,not applicable
508321,903,0.2,39.4,calcite,not applicable
508322,903,0.2,39.6000000000001,calcite,not applicable
